{
  "best_params": {
    "max_depth": 11,
    "eta": 0.033363386046258006,
    "subsample": 0.784808418767286,
    "colsample_bytree": 0.48102246177616925,
    "colsample_bylevel": 0.9255480473951034,
    "min_child_weight": 10,
    "gamma": 2.3642881917232796,
    "alpha": 4.078361995046181,
    "lambda": 7.29471431910969,
    "max_leaves": 20
  },
  "n_estimators": 186,
  "best_rmse": 1.160148915069643
}