gw,team,prior_att,prior_att_sigma,posterior_att,posterior_att_sd,att_shift,att_shift_sigma,prior_def,prior_def_sigma,posterior_def,posterior_def_sd,def_shift,def_shift_sigma
6,Arsenal,0.17520000000000002,0.6,0.2256685471299087,0.37030971203355423,0.05046854712990867,0.08411424521651445,-0.32985000000000003,0.6,-0.4858746848593406,0.4203622126713618,-0.15602468485934057,-0.2600411414322343
6,Aston Villa,0.09820000000000001,0.6,-0.16509819398483172,0.41505007072452815,-0.26329819398483173,-0.4388303233080529,-0.07485,0.6,0.09972520660866258,0.385836968106416,0.17457520660866258,0.2909586776811043
6,Bournemouth,0.07720000000000002,0.6,0.004944277834036447,0.39223001018578457,-0.07225572216596357,-0.12042620360993929,0.009150000000000002,0.6,-0.16430320751297126,0.38754456679055793,-0.17345320751297125,-0.2890886791882854
6,Brentford,0.05620000000000001,0.6,-0.03331014677119632,0.4035437967185872,-0.08951014677119633,-0.14918357795199388,-0.04385,0.6,0.1575226291708078,0.3846753306593363,0.2013726291708078,0.335621048618013
6,Brighton,0.06020000000000001,0.6,0.07211883422414286,0.38708715976815833,0.011918834224142853,0.019864723706904758,0.11715,0.6,0.058986985909463927,0.38385578244505747,-0.05816301409053608,-0.09693835681756013
6,Burnley,-0.6238,0.8,-0.34868129800248554,0.4759696165566882,0.2751187019975145,0.34389837749689306,0.17315,0.8,0.23003244042554766,0.3986332054475269,0.05688244042554766,0.07110305053193457
6,Chelsea,0.1622,0.6,0.23454570421221532,0.35080903247096584,0.07234570421221531,0.12057617368702553,-0.15585000000000002,0.6,-0.06000058950063829,0.40008382263211323,0.09584941049936173,0.15974901749893622
6,Crystal Palace,0.03420000000000001,0.6,0.06661853551246567,0.3735021905670852,0.032418535512465665,0.054030892520776114,0.06215,0.6,-0.04668922132096593,0.4020086261647841,-0.10883922132096593,-0.1813987022016099
6,Everton,-0.1308,0.6,0.0008123171669384284,0.38212562763900554,0.13161231716693844,0.21935386194489742,-0.07485,0.6,-0.10073129576402039,0.39635835427357197,-0.025881295764020387,-0.04313549294003398
6,Fulham,-0.05279999999999999,0.6,-0.05636648777106806,0.38729204537597933,-0.0035664877710680706,-0.005944146285113451,-0.0038499999999999975,0.6,-0.1510734821756435,0.39716028134004866,-0.14722348217564352,-0.2453724702927392
6,Leeds,-0.1258,0.8,-0.2482361160158068,0.47568925978847776,-0.12243611601580681,-0.1530451450197585,0.17315,0.8,0.06748655951592517,0.4225217426304772,-0.10566344048407483,-0.13207930060509354
6,Liverpool,0.5481999999999999,0.6,0.44305987831971055,0.3561057227730036,-0.10514012168028936,-0.1752335361338156,-0.21185,0.6,-0.17355571171961476,0.4052163509751786,0.03829428828038525,0.06382381380064209
6,Man City,0.2742,0.6,0.3514655138999032,0.3562843443290648,0.07726551389990322,0.1287758564998387,-0.18085,0.6,-0.1472624731517551,0.3954362653849855,0.0335875268482449,0.0559792114137415
6,Man United,-0.011799999999999995,0.6,0.20089663536058594,0.38956615412108064,0.21269663536058594,0.35449439226764323,-0.02485,0.6,0.10458314146902685,0.3671376603098427,0.12943314146902685,0.21572190244837808
6,Newcastle,0.1842,0.6,-0.038352409336923285,0.3789047837904145,-0.22255240933692327,-0.37092068222820546,-0.07285,0.6,-0.30279183111523567,0.4165792937315127,-0.22994183111523567,-0.38323638519205944
6,Nottm Forest,-0.025799999999999993,0.6,-0.1141587388338152,0.3880481497736901,-0.0883587388338152,-0.14726456472302535,-0.03584999999999999,0.6,0.11334293410646702,0.3812606258657908,0.149192934106467,0.24865489017744502
6,Sunderland,-0.5758000000000001,0.8,-0.4708327840603078,0.476472598176856,0.10496721593969227,0.13120901992461534,0.24115,0.8,0.03933819568537129,0.44190735496513206,-0.20181180431462872,-0.2522647553932859
6,Tottenham,0.09820000000000001,0.6,0.15535708456876476,0.37466660230870946,0.057157084568764754,0.09526180761460792,0.17315,0.6,0.04265391905683748,0.3968112034939158,-0.1304960809431625,-0.2174934682386042
6,West Ham,-0.1048,0.6,-0.1574817686703883,0.40960511032842695,-0.05268176867038829,-0.08780294778398048,0.11315,0.6,0.3819546154857966,0.3615831801050856,0.2688046154857966,0.44800769247632766
6,Wolves,-0.11679999999999999,0.6,-0.12296938478184889,0.4071956422295911,-0.006169384781848905,-0.010282307969748175,0.14715,0.6,0.3366558696862792,0.36155474573872776,0.1895058696862792,0.3158431161437987
7,Arsenal,0.17520000000000002,0.6,0.2611815374062338,0.3520593899681162,0.08598153740623377,0.14330256234372296,-0.32985000000000003,0.6,-0.5026031138748129,0.40285932628693,-0.1727531138748129,-0.28792185645802154
7,Aston Villa,0.09820000000000001,0.6,-0.1324642700571922,0.3765178489887492,-0.2306642700571922,-0.38444045009532035,-0.07485,0.6,0.06041738822953647,0.357207877039615,0.13526738822953646,0.22544564704922745
7,Bournemouth,0.07720000000000002,0.6,-0.01964438128363382,0.366212668944465,-0.09684438128363385,-0.16140730213938975,0.009150000000000002,0.6,-0.09442213998159482,0.36789782612548333,-0.10357213998159483,-0.17262023330265805
7,Brentford,0.05620000000000001,0.6,0.009919364145823803,0.3530989478919747,-0.0462806358541762,-0.07713439309029367,-0.04385,0.6,0.10262442029015952,0.35985510403248516,0.1464744202901595,0.2441240338169325
7,Brighton,0.06020000000000001,0.6,0.1333447511912922,0.3639878243662292,0.07314475119129218,0.12190791865215364,0.11715,0.6,0.056195733130375534,0.34259086252885473,-0.06095426686962447,-0.10159044478270746
7,Burnley,-0.6238,0.8,-0.4012949436626161,0.4507384966780371,0.22250505633738393,0.2781313204217299,0.17315,0.8,0.26282538443671316,0.354940573953941,0.08967538443671316,0.11209423054589145
7,Chelsea,0.1622,0.6,0.21506446704232268,0.3397853663192055,0.05286446704232267,0.08810744507053779,-0.15585000000000002,0.6,-0.0038550996635620194,0.3593932928496486,0.151994900336438,0.25332483389406335
7,Crystal Palace,0.03420000000000001,0.6,0.147931265602541,0.35529315650535537,0.11373126560254099,0.18955210933756833,0.06215,0.6,-0.05287802806976757,0.36881680411235573,-0.11502802806976756,-0.19171338011627928
7,Everton,-0.1308,0.6,-0.0811233089344697,0.37311169062984106,0.0496766910655303,0.08279448510921716,-0.07485,0.6,-0.09825350542459015,0.36685846615074974,-0.023403505424590146,-0.03900584237431691
7,Fulham,-0.05279999999999999,0.6,-0.08488745838227138,0.3683918660352209,-0.03208745838227139,-0.053479097303785646,-0.0038499999999999975,0.6,-0.12983434354887588,0.3732818319069475,-0.1259843435488759,-0.20997390591479315
7,Leeds,-0.1258,0.8,-0.16005094807907413,0.4432439392080486,-0.03425094807907414,-0.042813685098842674,0.17315,0.8,0.04054593535576988,0.39422669399953864,-0.13260406464423014,-0.16575508080528767
7,Liverpool,0.5481999999999999,0.6,0.3981307078691941,0.32820111544640906,-0.15006929213080583,-0.2501154868846764,-0.21185,0.6,-0.0814595300135375,0.37554293358345264,0.1303904699864625,0.21731744997743752
7,Man City,0.2742,0.6,0.3676449589971432,0.32163602576984696,0.09344495899714322,0.15574159832857204,-0.18085,0.6,-0.16667300891073022,0.3761859715033711,0.014176991089269786,0.02362831848211631
7,Man United,-0.011799999999999995,0.6,0.1413654434777264,0.33718098205767505,0.1531654434777264,0.255275739129544,-0.02485,0.6,0.15395346847528907,0.35171770785305706,0.17880346847528908,0.29800578079214846
7,Newcastle,0.1842,0.6,-0.052588261612544616,0.3686970730503083,-0.23678826161254463,-0.3946471026875744,-0.07285,0.6,-0.21533406762253593,0.3734629468238866,-0.14248406762253593,-0.2374734460375599
7,Nottm Forest,-0.025799999999999993,0.6,-0.11050493107522696,0.36932221959299666,-0.08470493107522697,-0.1411748851253783,-0.03584999999999999,0.6,0.11281211532394055,0.36895948935577577,0.14866211532394052,0.24777019220656754
7,Sunderland,-0.5758000000000001,0.8,-0.40276349585725346,0.43407032630096143,0.17303650414274663,0.21629563017843328,0.24115,0.8,0.019362912299748177,0.40309267039534213,-0.22178708770025182,-0.27723385962531477
7,Tottenham,0.09820000000000001,0.6,0.07300058630572487,0.3381377801657202,-0.02519941369427514,-0.04199902282379191,0.17315,0.6,0.01131364527971994,0.36409243400019653,-0.16183635472028005,-0.2697272578671334
7,West Ham,-0.1048,0.6,-0.15522386664101828,0.3809059770851473,-0.05042386664101828,-0.08403977773503046,0.11315,0.6,0.2785645659793219,0.3465189625328918,0.1654145659793219,0.27569094329886984
7,Wolves,-0.11679999999999999,0.6,-0.14703721645270135,0.3914013605720816,-0.03023721645270136,-0.050395360754502266,0.14715,0.6,0.2466972683094329,0.3402030722117479,0.09954726830943289,0.16591211384905483
8,Arsenal,0.17520000000000002,0.6,0.23779041184962318,0.3217812484104742,0.06259041184962316,0.10431735308270527,-0.32985000000000003,0.6,-0.5239722005566816,0.38790676183153405,-0.19412220055668156,-0.32353700092780263
8,Aston Villa,0.09820000000000001,0.6,-0.11344504108939242,0.3512799524879356,-0.21164504108939242,-0.3527417351489874,-0.07485,0.6,0.037710593302743796,0.35978652834577785,0.11256059330274379,0.18760098883790632
8,Bournemouth,0.07720000000000002,0.6,0.02878242240618765,0.35877953384783007,-0.048417577593812364,-0.08069596265635394,0.009150000000000002,0.6,-0.09278063575672686,0.3556891240191402,-0.10193063575672687,-0.16988439292787813
8,Brentford,0.05620000000000001,0.6,-0.032027900317036555,0.3438436933440918,-0.08822790031703656,-0.14704650052839427,-0.04385,0.6,0.04119187482767876,0.3344156306279223,0.08504187482767876,0.14173645804613128
8,Brighton,0.06020000000000001,0.6,0.10131622769324568,0.34124118712257395,0.04111622769324567,0.06852704615540944,0.11715,0.6,0.02740359739847836,0.34082078674412325,-0.08974640260152164,-0.14957733766920275
8,Burnley,-0.6238,0.8,-0.4217885646469399,0.413228564715836,0.2020114353530601,0.2525142941913251,0.17315,0.8,0.28939451170727726,0.337369511235839,0.11624451170727726,0.14530563963409657
8,Chelsea,0.1622,0.6,0.22199516819750068,0.3200286372714826,0.059795168197500664,0.09965861366250112,-0.15585000000000002,0.6,0.0075564087878388685,0.3414117007449236,0.16340640878783888,0.2723440146463981
8,Crystal Palace,0.03420000000000001,0.6,0.16013294124241656,0.328513364666849,0.12593294124241655,0.2098882354040276,0.06215,0.6,-0.0382791760068951,0.3599982681550746,-0.1004291760068951,-0.16738196001149186
8,Everton,-0.1308,0.6,-0.04788042559452586,0.3562610510717518,0.08291957440547414,0.13819929067579023,-0.07485,0.6,-0.07352412698555925,0.35489330723290347,0.0013258730144407455,0.0022097883574012426
8,Fulham,-0.05279999999999999,0.6,-0.06643663920283947,0.343811055900819,-0.01363663920283948,-0.02272773200473247,-0.0038499999999999975,0.6,-0.07677416000796428,0.36207032465215283,-0.07292416000796428,-0.12154026667994047
8,Leeds,-0.1258,0.8,-0.1063338859022205,0.39544322020440403,0.0194661140977795,0.024332642622224374,0.17315,0.8,0.010880926028461507,0.3758759514619577,-0.1622690739715385,-0.20283634246442311
8,Liverpool,0.5481999999999999,0.6,0.390118642871782,0.32072388834439075,-0.15808135712821791,-0.26346892854702986,-0.21185,0.6,-0.0903168560664935,0.35833055252894713,0.1215331439335065,0.2025552398891775
8,Man City,0.2742,0.6,0.3263860522728033,0.30692798042295477,0.05218605227280332,0.08697675378800554,-0.18085,0.6,-0.20796632381052962,0.3646184632252307,-0.027116323810529613,-0.04519387301754936
8,Man United,-0.011799999999999995,0.6,0.1738002056297704,0.32852082741431093,0.1856002056297704,0.3093336760496173,-0.02485,0.6,0.16149925470136564,0.3240414983469145,0.18634925470136565,0.31058209116894275
8,Newcastle,0.1842,0.6,0.01819870252781373,0.34214862277596647,-0.16600129747218628,-0.2766688291203105,-0.07285,0.6,-0.26655958230074744,0.36668810467913376,-0.19370958230074745,-0.3228493038345791
8,Nottm Forest,-0.025799999999999993,0.6,-0.1483334894617983,0.3737953906271413,-0.12253348946179832,-0.20422248243633054,-0.03584999999999999,0.6,0.18746433582442965,0.3242582722697424,0.22331433582442964,0.37219055970738274
8,Sunderland,-0.5758000000000001,0.8,-0.4394742891691405,0.4211060255522694,0.1363257108308596,0.17040713853857448,0.24115,0.8,0.06618358053519989,0.38089260705097355,-0.17496641946480013,-0.21870802433100014
8,Tottenham,0.09820000000000001,0.6,0.06356355017068079,0.3352403846041661,-0.034636449829319224,-0.05772741638219871,0.17315,0.6,0.05191764820521432,0.3394643631077307,-0.12123235179478567,-0.20205391965797612
8,West Ham,-0.1048,0.6,-0.17776184061252776,0.3658747489106768,-0.07296184061252775,-0.12160306768754625,0.11315,0.6,0.2771964670420742,0.3267811920144043,0.16404646704207418,0.27341077840345696
8,Wolves,-0.11679999999999999,0.6,-0.1686022488654027,0.36643134308657377,-0.05180224886540272,-0.08633708144233787,0.14715,0.6,0.21177386313083532,0.3201058557805819,0.06462386313083532,0.1077064385513922
9,Arsenal,0.17520000000000002,0.6,0.24580789407574355,0.3082943860424606,0.07060789407574353,0.11767982345957255,-0.32985000000000003,0.6,-0.5736549929792705,0.3752320044891297,-0.24380499297927044,-0.40634165496545077
9,Aston Villa,0.09820000000000001,0.6,-0.1418454246390892,0.3399023874820812,-0.2400454246390892,-0.40007570773181533,-0.07485,0.6,0.0030149069035093914,0.3280638394661852,0.07786490690350939,0.12977484483918234
9,Bournemouth,0.07720000000000002,0.6,0.10133239967899826,0.31939404190869003,0.024132399678998245,0.040220666131663745,0.009150000000000002,0.6,0.023065463347845087,0.3281632812915091,0.013915463347845086,0.023192438913075143
9,Brentford,0.05620000000000001,0.6,0.023856585618350672,0.3151539903051995,-0.03234341438164934,-0.053905690636082235,-0.04385,0.6,-0.02696438188996472,0.3279650703960708,0.01688561811003528,0.028142696850058803
9,Brighton,0.06020000000000001,0.6,0.09477622062063795,0.32387660359723774,0.03457622062063794,0.0576270343677299,0.11715,0.6,0.03138048053045891,0.31645360457636024,-0.08576951946954109,-0.14294919911590181
9,Burnley,-0.6238,0.8,-0.40951991067203186,0.40262588189472964,0.21428008932796816,0.2678501116599602,0.17315,0.8,0.3065671500643675,0.3191819690184425,0.13341715006436752,0.1667714375804594
9,Chelsea,0.1622,0.6,0.22130338813788852,0.3002759643384841,0.05910338813788851,0.09850564689648086,-0.15585000000000002,0.6,0.014278028925900767,0.3219584816422899,0.1701280289259008,0.28354671487650135
9,Crystal Palace,0.03420000000000001,0.6,0.2624406586590771,0.30336848917230913,0.2282406586590771,0.38040109776512854,0.06215,0.6,0.05849961236689055,0.3166270633050078,-0.003650387633109445,-0.006083979388515742
9,Everton,-0.1308,0.6,-0.07274136912432207,0.3285117320221013,0.05805863087567793,0.09676438479279656,-0.07485,0.6,-0.05169551948351959,0.32887692899117443,0.023154480516480412,0.03859080086080069
9,Fulham,-0.05279999999999999,0.6,-0.11022590641135772,0.35052780134251155,-0.05742590641135773,-0.09570984401892955,-0.0038499999999999975,0.6,-0.06927524269510137,0.3302121304405943,-0.06542524269510137,-0.1090420711585023
9,Leeds,-0.1258,0.8,-0.10560610944344154,0.3763825385085142,0.020193890556558458,0.025242363195698073,0.17315,0.8,0.013966481357256406,0.3619161616884839,-0.1591835186427436,-0.1989793983034295
9,Liverpool,0.5481999999999999,0.6,0.36486199910005335,0.3080156538408368,-0.18333800089994656,-0.30556333483324427,-0.21185,0.6,-0.09196299966268409,0.33015629921781603,0.11988700033731592,0.19981166722885987
9,Man City,0.2742,0.6,0.351098397422324,0.284922698734363,0.07689839742232402,0.12816399570387338,-0.18085,0.6,-0.23532737598238437,0.35689895299812324,-0.05447737598238436,-0.09079562663730728
9,Man United,-0.011799999999999995,0.6,0.19328604065795754,0.3137860535521498,0.20508604065795755,0.3418100677632626,-0.02485,0.6,0.1407716596214751,0.3131903552502815,0.1656216596214751,0.27603609936912515
9,Newcastle,0.1842,0.6,0.01197253484799191,0.32822524841418166,-0.1722274651520081,-0.28704577525334685,-0.07285,0.6,-0.2659259739963312,0.35176545539308635,-0.19307597399633122,-0.3217932899938854
9,Nottm Forest,-0.025799999999999993,0.6,-0.12018172631260589,0.345421276965077,-0.0943817263126059,-0.1573028771876765,-0.03584999999999999,0.6,0.18426603677653539,0.31020780106708706,0.22011603677653538,0.36686006129422566
9,Sunderland,-0.5758000000000001,0.8,-0.45477730578489556,0.4078079155744283,0.12102269421510453,0.15127836776888065,0.24115,0.8,0.006241334904841613,0.36411760087683326,-0.2349086650951584,-0.293635831368948
9,Tottenham,0.09820000000000001,0.6,0.016106316002909876,0.320984683588233,-0.08209368399709013,-0.1368228066618169,0.17315,0.6,0.029729103174412196,0.326349454062656,-0.1434208968255878,-0.23903482804264636
9,West Ham,-0.1048,0.6,-0.24933977411736336,0.3512035662494634,-0.14453977411736335,-0.24089962352893893,0.11315,0.6,0.29942883020643796,0.2985781007463133,0.18627883020643796,0.3104647170107299
9,Wolves,-0.11679999999999999,0.6,-0.22260490831682558,0.35135521816214754,-0.1058049083168256,-0.176341513861376,0.14715,0.6,0.20359739850932487,0.3226504156429584,0.05644739850932487,0.09407899751554145
10,Arsenal,0.17520000000000002,0.6,0.1990927040861182,0.2949926675323612,0.023892704086118183,0.03982117347686364,-0.32985000000000003,0.6,-0.6172275907715665,0.3554574566980536,-0.2873775907715665,-0.4789626512859442
10,Aston Villa,0.09820000000000001,0.6,-0.15403314368232246,0.3336440856574556,-0.25223314368232247,-0.4203885728038708,-0.07485,0.6,-0.08792837514362971,0.3168603926740287,-0.013078375143629709,-0.021797291906049517
10,Bournemouth,0.07720000000000002,0.6,0.048132795034141564,0.29983277023546456,-0.029067204965858455,-0.048445341609764096,0.009150000000000002,0.6,-0.01908052336582026,0.32442695099579716,-0.028230523365820263,-0.04705087227636711
10,Brentford,0.05620000000000001,0.6,0.07295450837724843,0.31039977525724816,0.01675450837724842,0.02792418062874737,-0.04385,0.6,0.012602551840037475,0.3204032260641659,0.056452551840037474,0.09408758640006246
10,Brighton,0.06020000000000001,0.6,0.06555004769415805,0.31165988278043144,0.00535004769415804,0.008916746156930068,0.11715,0.6,0.06657437271126139,0.3042810127293522,-0.050575627288738614,-0.0842927121478977
10,Burnley,-0.6238,0.8,-0.32209388321150134,0.37515988040029447,0.3017061167884987,0.37713264598562335,0.17315,0.8,0.2922594502749902,0.30054592097990246,0.11910945027499018,0.1488868128437377
10,Chelsea,0.1622,0.6,0.18428352098130507,0.28437901788643416,0.02208352098130506,0.0368058683021751,-0.15585000000000002,0.6,0.049089175686885284,0.31535812806810615,0.2049391756868853,0.3415652928114755
10,Crystal Palace,0.03420000000000001,0.6,0.2367231730124611,0.2933528463085328,0.2025231730124611,0.33753862168743515,0.06215,0.6,0.017539969090083676,0.30501458982100516,-0.04461003090991632,-0.0743500515165272
10,Everton,-0.1308,0.6,-0.08067858294628243,0.31279066502944547,0.050121417053717573,0.0835356950895293,-0.07485,0.6,0.027279820168320257,0.31727190343777883,0.10212982016832026,0.17021636694720044
10,Fulham,-0.05279999999999999,0.6,-0.08137687684040004,0.3320259362147435,-0.02857687684040005,-0.047628128067333415,-0.0038499999999999975,0.6,-0.014273052755435674,0.30667009342622037,-0.010423052755435676,-0.017371754592392794
10,Leeds,-0.1258,0.8,-0.1170394368609883,0.34480324259672035,0.00876056313901169,0.010950703923764613,0.17315,0.8,-0.0006180615456039292,0.3434021160232555,-0.17376806154560392,-0.2172100769320049
10,Liverpool,0.5481999999999999,0.6,0.379399135300074,0.2882961754638059,-0.1688008646999259,-0.2813347744998765,-0.21185,0.6,-0.050916468866455004,0.30973527697476605,0.160933531133545,0.26822255188924166
10,Man City,0.2742,0.6,0.295691453959342,0.28257919590696795,0.02149145395934199,0.03581908993223665,-0.18085,0.6,-0.24561306851470602,0.3387914463802802,-0.06476306851470601,-0.10793844752451001
10,Man United,-0.011799999999999995,0.6,0.20695425167788095,0.3067395353888656,0.21875425167788096,0.3645904194631349,-0.02485,0.6,0.13876254838567836,0.29560155119866266,0.16361254838567837,0.2726875806427973
10,Newcastle,0.1842,0.6,0.0657525673933184,0.3066771722900703,-0.1184474326066816,-0.19741238767780267,-0.07285,0.6,-0.22027965101063893,0.3367549280139284,-0.14742965101063893,-0.24571608501773157
10,Nottm Forest,-0.025799999999999993,0.6,-0.17557259906244047,0.3344328020852354,-0.14977259906244048,-0.2496209984374008,-0.03584999999999999,0.6,0.13305960249148144,0.3059226965857281,0.16890960249148143,0.2815160041524691
10,Sunderland,-0.5758000000000001,0.8,-0.3958214232963575,0.3708590081486037,0.1799785767036426,0.22497322087955324,0.24115,0.8,-0.05489494132144713,0.3426363047295696,-0.29604494132144715,-0.3700561766518089
10,Tottenham,0.09820000000000001,0.6,0.07858292019383877,0.2959664667680566,-0.019617079806161244,-0.032695133010268745,0.17315,0.6,0.04137718305435216,0.31563417737377053,-0.13177281694564785,-0.21962136157607975
10,West Ham,-0.1048,0.6,-0.266336138743365,0.34609960137316237,-0.16153613874336498,-0.26922689790560833,0.11315,0.6,0.3008613054409251,0.2780664509682225,0.1877113054409251,0.31285217573487517
10,Wolves,-0.11679999999999999,0.6,-0.240164993066229,0.352384028034688,-0.123364993066229,-0.20560832177704835,0.14715,0.6,0.23142575415128785,0.30276701542882506,0.08427575415128785,0.14045959025214644
11,Arsenal,0.17520000000000002,0.6,0.21942160373040184,0.2798249400958646,0.04422160373040182,0.07370267288400303,-0.32985000000000003,0.6,-0.6335556828125868,0.3646169282962648,-0.30370568281258675,-0.5061761380209779
11,Aston Villa,0.09820000000000001,0.6,-0.20179386799475718,0.32287722577444566,-0.2999938679947572,-0.499989779991262,-0.07485,0.6,-0.10216011225402948,0.3148761114775283,-0.027310112254029476,-0.0455168537567158
11,Bournemouth,0.07720000000000002,0.6,0.028026650936893077,0.30237870229939356,-0.04917334906310694,-0.08195558177184491,0.009150000000000002,0.6,0.016861234428852113,0.30003822661950674,0.007711234428852111,0.012852057381420185
11,Brentford,0.05620000000000001,0.6,0.04381136285948129,0.31312224467153466,-0.012388637140518716,-0.020647728567531193,-0.04385,0.6,-0.044125434254859285,0.30624291526731023,-0.00027543425485928447,-0.0004590570914321408
11,Brighton,0.06020000000000001,0.6,0.14266856132986727,0.2925139067136427,0.08246856132986727,0.13744760221644545,0.11715,0.6,0.03064365116727967,0.2949905030333914,-0.08650634883272033,-0.14417724805453389
11,Burnley,-0.6238,0.8,-0.35229906125076504,0.3682401408946808,0.271500938749235,0.3393761734365437,0.17315,0.8,0.32972254856975053,0.27545889134029244,0.15657254856975053,0.19571568571218814
11,Chelsea,0.1622,0.6,0.2673296044042948,0.27432459569267265,0.10512960440429481,0.17521600734049136,-0.15585000000000002,0.6,-0.038197275839585446,0.30191208620767107,0.11765272416041457,0.19608787360069097
11,Crystal Palace,0.03420000000000001,0.6,0.2177156439326144,0.28164897750480583,0.18351564393261438,0.30585940655435734,0.06215,0.6,-0.04373154012302716,0.3003727431440408,-0.10588154012302715,-0.1764692335383786
11,Everton,-0.1308,0.6,-0.08391084872590424,0.308850080880914,0.046889151274095764,0.07814858545682628,-0.07485,0.6,0.05162933217788382,0.2961687143760907,0.12647933217788382,0.2107988869631397
11,Fulham,-0.05279999999999999,0.6,-0.05944252173457791,0.302707262156294,-0.006642521734577918,-0.011070869557629863,-0.0038499999999999975,0.6,-0.05885157700062034,0.29977628235276854,-0.05500157700062034,-0.0916692950010339
11,Leeds,-0.1258,0.8,-0.17421704399045504,0.33689285995383567,-0.048417043990455044,-0.060521304988068805,0.17315,0.8,0.11127388682630379,0.3238629946321992,-0.06187611317369621,-0.07734514146712025
11,Liverpool,0.5481999999999999,0.6,0.362635139222548,0.2742128453265317,-0.18556486077745193,-0.3092747679624199,-0.21185,0.6,-0.08364867956607183,0.30782501196153195,0.12820132043392818,0.2136688673898803
11,Man City,0.2742,0.6,0.31310900830709926,0.268566441507834,0.03890900830709926,0.06484834717849877,-0.18085,0.6,-0.2503978535231858,0.333447247342778,-0.06954785352318577,-0.11591308920530961
11,Man United,-0.011799999999999995,0.6,0.2175214977059867,0.2880098442377163,0.2293214977059867,0.38220249617664454,-0.02485,0.6,0.15200352277530293,0.273370167607129,0.17685352277530295,0.29475587129217157
11,Newcastle,0.1842,0.6,0.01489985943501108,0.29821622807917425,-0.16930014056498893,-0.28216690094164826,-0.07285,0.6,-0.1327838800309441,0.3182397567646248,-0.0599338800309441,-0.09988980005157351
11,Nottm Forest,-0.025799999999999993,0.6,-0.1281135958366558,0.3170920099943529,-0.10231359583665581,-0.17052265972775968,-0.03584999999999999,0.6,0.12267626494520789,0.28873340933884767,0.15852626494520788,0.2642104415753465
11,Sunderland,-0.5758000000000001,0.8,-0.3442914137696479,0.35545342964548277,0.2315085862303522,0.2893857327879402,0.24115,0.8,-0.05812710849089842,0.33411116692723297,-0.29927710849089845,-0.374096385613623
11,Tottenham,0.09820000000000001,0.6,0.001681251461906479,0.29088400954639343,-0.09651874853809353,-0.16086458089682257,0.17315,0.6,0.11864682869652247,0.2905026631165237,-0.054503171303477524,-0.0908386188391292
11,West Ham,-0.1048,0.6,-0.18210543455470315,0.327230061580153,-0.07730543455470315,-0.12884239092450525,0.11315,0.6,0.2518289213337468,0.26593840500251,0.1386789213337468,0.23113153555624466
11,Wolves,-0.11679999999999999,0.6,-0.302646395468638,0.3361021003438885,-0.185846395468638,-0.30974399244773,0.14715,0.6,0.2602929529749588,0.27863054338347265,0.1131429529749588,0.188571588291598
12,Arsenal,0.17520000000000002,0.6,0.23329123762849877,0.26769338711788593,0.05809123762849874,0.09681872938083125,-0.32985000000000003,0.6,-0.6046491950385242,0.3439986122502999,-0.2747991950385242,-0.45799865839754034
12,Aston Villa,0.09820000000000001,0.6,-0.1266616195178638,0.30487642758458783,-0.22486161951786382,-0.3747693658631064,-0.07485,0.6,-0.11682853385774332,0.30252061766536115,-0.04197853385774332,-0.06996422309623887
12,Bournemouth,0.07720000000000002,0.6,0.01138242000030852,0.28724632981459236,-0.0658175799996915,-0.1096959666661525,0.009150000000000002,0.6,0.09669391979795387,0.27202644192923275,0.08754391979795387,0.1459065329965898
12,Brentford,0.05620000000000001,0.6,0.08355723485145419,0.28628453506010004,0.027357234851454186,0.04559539141909031,-0.04385,0.6,-0.0740547195877619,0.29773416920096857,-0.0302047195877619,-0.0503411993129365
12,Brighton,0.06020000000000001,0.6,0.09055404272997566,0.2796082816653719,0.030354042729975654,0.05059007121662609,0.11715,0.6,-0.010649066298457951,0.2837782062529865,-0.12779906629845794,-0.21299844383076325
12,Burnley,-0.6238,0.8,-0.32030759595937697,0.3446769790969026,0.30349240404062305,0.3793655050507788,0.17315,0.8,0.39098727510611175,0.2670247599552,0.21783727510611176,0.27229659388263966
12,Chelsea,0.1622,0.6,0.3181216356594489,0.2597195516068841,0.1559216356594489,0.25986939276574816,-0.15585000000000002,0.6,-0.07843710144996427,0.29481303101459877,0.07741289855003575,0.12902149758339293
12,Crystal Palace,0.03420000000000001,0.6,0.17141765577594067,0.2718528646008095,0.13721765577594067,0.22869609295990112,0.06215,0.6,-0.11024977834511775,0.28463898676364563,-0.17239977834511774,-0.2873329639085296
12,Everton,-0.1308,0.6,-0.06285303612097037,0.2895594399406151,0.06794696387902963,0.11324493979838271,-0.07485,0.6,0.023473144430682887,0.28500929762723215,0.09832314443068288,0.16387190738447147
12,Fulham,-0.05279999999999999,0.6,-0.10935066152842458,0.30820625703725224,-0.05655066152842459,-0.09425110254737432,-0.0038499999999999975,0.6,-0.028966670490566657,0.2811752083380572,-0.025116670490566657,-0.04186111748427777
12,Leeds,-0.1258,0.8,-0.21399049895171543,0.3350024454772937,-0.08819049895171543,-0.1102381236896443,0.17315,0.8,0.16425672259748886,0.29623348385994325,-0.00889327740251114,-0.011116596753138926
12,Liverpool,0.5481999999999999,0.6,0.3321118342593287,0.26618854334148834,-0.2160881657406712,-0.36014694290111865,-0.21185,0.6,-0.11364617933761306,0.2958248579811428,0.09820382066238695,0.1636730344373116
12,Man City,0.2742,0.6,0.29657158150635426,0.25092395115924665,0.022371581506354266,0.037285969177257114,-0.18085,0.6,-0.29233405334620105,0.32483970585254157,-0.11148405334620104,-0.18580675557700174
12,Man United,-0.011799999999999995,0.6,0.20608733127423773,0.27395728287066207,0.21788733127423773,0.36314555212372956,-0.02485,0.6,0.15306845931593424,0.26472670089881406,0.17791845931593425,0.2965307655265571
12,Newcastle,0.1842,0.6,-0.04005167958255796,0.30151932616160027,-0.22425167958255796,-0.37375279930426325,-0.07285,0.6,-0.10731201252837798,0.3047973479403841,-0.03446201252837798,-0.05743668754729664
12,Nottm Forest,-0.025799999999999993,0.6,-0.0939553570833468,0.2995773727646477,-0.06815535708334682,-0.11359226180557803,-0.03584999999999999,0.6,0.10342798039448065,0.2779162292113405,0.13927798039448064,0.2321299673241344
12,Sunderland,-0.5758000000000001,0.8,-0.30753879259337147,0.34082150135261213,0.2682612074066286,0.3353265092582858,0.24115,0.8,-0.04898110308163208,0.31851465577715177,-0.2901311030816321,-0.3626638788520401
12,Tottenham,0.09820000000000001,0.6,-0.02128377473180912,0.2796973570690728,-0.11948377473180913,-0.19913962455301523,0.17315,0.6,0.08085056386186706,0.27929208251236376,-0.09229943613813293,-0.1538323935635549
12,West Ham,-0.1048,0.6,-0.09608341377048606,0.30182059441356673,0.008716586229513948,0.01452764371585658,0.11315,0.6,0.26847568713494,0.26342071520377935,0.15532568713494002,0.25887614522490004
12,Wolves,-0.11679999999999999,0.6,-0.35101854384562503,0.3179525795602156,-0.23421854384562504,-0.3903642397427084,0.14715,0.6,0.30487466072250086,0.26379347972861134,0.15772466072250085,0.2628744345375014
13,Arsenal,0.17520000000000002,0.6,0.24970713321025745,0.252965170310382,0.07450713321025743,0.12417855535042904,-0.32985000000000003,0.6,-0.6274697694456781,0.3446880341014226,-0.2976197694456781,-0.49603294907613016
13,Aston Villa,0.09820000000000001,0.6,-0.11364249761390471,0.2900609865336249,-0.21184249761390472,-0.3530708293565079,-0.07485,0.6,-0.08867027098484308,0.2923353290332779,-0.013820270984843078,-0.023033784974738465
13,Bournemouth,0.07720000000000002,0.6,0.03911995000033263,0.2684815838773016,-0.03808004999966739,-0.06346674999944565,0.009150000000000002,0.6,0.07078847163084344,0.26953947751948876,0.06163847163084343,0.10273078605140573
13,Brentford,0.05620000000000001,0.6,0.028260133712723245,0.2835105618090633,-0.027939866287276762,-0.04656644381212794,-0.04385,0.6,-0.07421163311324896,0.28005468790691207,-0.030361633113248965,-0.050602721855414944
13,Brighton,0.06020000000000001,0.6,0.09635084972599377,0.2724760939348653,0.03615084972599376,0.0602514162099896,0.11715,0.6,-0.07359498829565617,0.28417493812397027,-0.19074498829565617,-0.31790831382609364
13,Burnley,-0.6238,0.8,-0.37565125668152677,0.33807704946187384,0.24814874331847325,0.31018592914809157,0.17315,0.8,0.36703820957952554,0.24641399997291313,0.19388820957952554,0.2423602619744069
13,Chelsea,0.1622,0.6,0.30717233256091286,0.2375179416638578,0.14497233256091285,0.2416205542681881,-0.15585000000000002,0.6,-0.11271509488792655,0.28627638454563237,0.04313490511207346,0.07189150852012244
13,Crystal Palace,0.03420000000000001,0.6,0.1516649955512082,0.270283101653972,0.11746499555120818,0.19577499258534697,0.06215,0.6,-0.10611254324205129,0.27407188905142504,-0.16826254324205128,-0.28043757207008546
13,Everton,-0.1308,0.6,-0.10853684848393738,0.2885772135103362,0.022263151516062618,0.037105252526771035,-0.07485,0.6,0.008037426932880322,0.2665858963826131,0.08288742693288031,0.13814571155480054
13,Fulham,-0.05279999999999999,0.6,-0.07358019372207232,0.29115933674782385,-0.020780193722072328,-0.034633656203453884,-0.0038499999999999975,0.6,-0.07399613054412421,0.2843143157824091,-0.07014613054412422,-0.11691021757354036
13,Leeds,-0.1258,0.8,-0.1667576219720517,0.30273183019018546,-0.040957621972051717,-0.051197027465064646,0.17315,0.8,0.17231520422040275,0.28083063452164375,-0.0008347957795972472,-0.001043494724496559
13,Liverpool,0.5481999999999999,0.6,0.30232836894291026,0.2564218114186576,-0.24587163105708965,-0.4097860517618161,-0.21185,0.6,-0.057655666819890226,0.28033634477912844,0.15419433318010978,0.256990555300183
13,Man City,0.2742,0.6,0.31032568780006514,0.24731042159000435,0.03612568780006514,0.06020947966677524,-0.18085,0.6,-0.21185869157941048,0.2922543306909709,-0.03100869157941047,-0.051681152632350784
13,Man United,-0.011799999999999995,0.6,0.18629846375087955,0.26271685645478743,0.19809846375087956,0.3301641062514659,-0.02485,0.6,0.11241180254421267,0.26142723444202776,0.13726180254421266,0.2287696709070211
13,Newcastle,0.1842,0.6,0.03837359881104082,0.2723660569658185,-0.14582640118895918,-0.24304400198159865,-0.07285,0.6,-0.08742849551830756,0.2804461716680274,-0.01457849551830756,-0.024297492530512603
13,Nottm Forest,-0.025799999999999993,0.6,-0.03596959095716888,0.2782179727711434,-0.010169590957168888,-0.01694931826194815,-0.03584999999999999,0.6,0.062282543079242185,0.266277941746468,0.09813254307924218,0.16355423846540365
13,Sunderland,-0.5758000000000001,0.8,-0.3589267214351074,0.331630500502799,0.2168732785648927,0.27109159820611584,0.24115,0.8,-0.0021670630963239548,0.29349953303700677,-0.24331706309632395,-0.30414632887040494
13,Tottenham,0.09820000000000001,0.6,-0.03403994888946345,0.2832351691993927,-0.13223994888946344,-0.22039991481577242,0.17315,0.6,0.11744200709100272,0.2687612963672409,-0.05570799290899728,-0.0928466548483288
13,West Ham,-0.1048,0.6,-0.10153324603580278,0.2828755393629554,0.0032667539641972193,0.005444589940328699,0.11315,0.6,0.3200210577554043,0.25358455836172844,0.2068710577554043,0.34478509625900716
13,Wolves,-0.11679999999999999,0.6,-0.3409635882752886,0.314837454672798,-0.22416358827528862,-0.3736059804588144,0.14715,0.6,0.2855436246939468,0.2544380818175214,0.13839362469394678,0.23065604115657798
14,Arsenal,0.17520000000000002,0.6,0.25269215091734165,0.24159005949852583,0.07749215091734163,0.12915358486223605,-0.32985000000000003,0.6,-0.6238743761717005,0.32315522340517167,-0.29402437617170046,-0.4900406269528341
14,Aston Villa,0.09820000000000001,0.6,-0.1499132291762399,0.27755127557120585,-0.2481132291762399,-0.41352204862706654,-0.07485,0.6,-0.12631544231416272,0.2880060814806357,-0.051465442314162724,-0.0857757371902712
14,Bournemouth,0.07720000000000002,0.6,0.08653725684731074,0.26518763827559516,0.009337256847310724,0.015562094745517873,0.009150000000000002,0.6,0.0814657011883304,0.26237544231068566,0.07231570118833039,0.12052616864721732
14,Brentford,0.05620000000000001,0.6,0.03844265590603415,0.2615776543340963,-0.017757344093965857,-0.029595573489943097,-0.04385,0.6,-0.09505380724829184,0.2694289783722925,-0.051203807248291835,-0.08533967874715306
14,Brighton,0.06020000000000001,0.6,0.12458112496635665,0.24824035992709637,0.06438112496635665,0.10730187494392775,0.11715,0.6,-0.09538751110579838,0.26374727807371645,-0.21253751110579838,-0.3542291851763307
14,Burnley,-0.6238,0.8,-0.4223890058591426,0.3293917747556601,0.20141099414085745,0.25176374267607177,0.17315,0.8,0.374339375932366,0.24477049759356773,0.201189375932366,0.25148671991545746
14,Chelsea,0.1622,0.6,0.3064802881531074,0.23696309991345652,0.1442802881531074,0.24046714692184568,-0.15585000000000002,0.6,-0.09450759964643643,0.28236627923815105,0.061342400353563586,0.10223733392260598
14,Crystal Palace,0.03420000000000001,0.6,0.11051434213112876,0.2636802992000192,0.07631434213112875,0.12719057021854793,0.06215,0.6,-0.08519850949029008,0.2805229097426513,-0.14734850949029007,-0.24558084915048348
14,Everton,-0.1308,0.6,-0.10731931511850837,0.2889899332337599,0.02348068488149163,0.03913447480248605,-0.07485,0.6,0.07138532961320648,0.26031091227588804,0.14623532961320648,0.24372554935534416
14,Fulham,-0.05279999999999999,0.6,-0.0825193675342553,0.2765319193351657,-0.02971936753425531,-0.04953227922375885,-0.0038499999999999975,0.6,-0.10371822185999793,0.28345792566344163,-0.09986822185999794,-0.16644703643332992
14,Leeds,-0.1258,0.8,-0.11149290091264993,0.2823011436812652,0.014307099087350061,0.017883873859187577,0.17315,0.8,0.20447211292800607,0.2599052935510307,0.031322112928006074,0.03915264116000759
14,Liverpool,0.5481999999999999,0.6,0.2695314392322317,0.24434153527575267,-0.2786685607677682,-0.46444760127961365,-0.21185,0.6,-0.10350234078082701,0.27345645283099346,0.108347659219173,0.180579432031955
14,Man City,0.2742,0.6,0.35292041840891925,0.23415859710868764,0.07872041840891925,0.13120069734819875,-0.18085,0.6,-0.16821134756324688,0.2817472926119317,0.012638652436753134,0.02106442072792189
14,Man United,-0.011799999999999995,0.6,0.1887406424296385,0.25626519105311907,0.2005406424296385,0.3342344040493975,-0.02485,0.6,0.06115838480540619,0.261300812980293,0.0860083848054062,0.14334730800901033
14,Newcastle,0.1842,0.6,0.11982379715194472,0.2657781831422712,-0.06437620284805529,-0.10729367141342548,-0.07285,0.6,-0.08550271115915847,0.2719862225961411,-0.012652711159158475,-0.021087851931930794
14,Nottm Forest,-0.025799999999999993,0.6,-0.060868100090900976,0.268714614169102,-0.035068100090900986,-0.05844683348483498,-0.03584999999999999,0.6,0.09725728386880778,0.25216189133846145,0.13310728386880777,0.22184547311467961
14,Sunderland,-0.5758000000000001,0.8,-0.33799745964607497,0.31378838446282836,0.23780254035392512,0.29725317544240637,0.24115,0.8,0.04878365831904098,0.2746045822635142,-0.192366341680959,-0.24045792710119876
14,Tottenham,0.09820000000000001,0.6,-0.041651036403434746,0.2754940250073219,-0.13985103640343477,-0.2330850606723913,0.17315,0.6,0.09853131324941203,0.25661927084392605,-0.07461868675058797,-0.12436447791764663
14,West Ham,-0.1048,0.6,-0.17048345917915947,0.2853397903926038,-0.06568345917915946,-0.10947243196526578,0.11315,0.6,0.28697439336603975,0.24094114471862385,0.17382439336603975,0.2897073222767329
14,Wolves,-0.11679999999999999,0.6,-0.3656302422236473,0.30456592504392194,-0.24883024222364733,-0.4147170703727456,0.14715,0.6,0.25690431406929465,0.23959056575467816,0.10975431406929465,0.18292385678215775
15,Arsenal,0.17520000000000002,0.6,0.259344246031456,0.23290107202305954,0.08414424603145598,0.14024041005242666,-0.32985000000000003,0.6,-0.658985378406776,0.32285856629085075,-0.3291353784067759,-0.5485589640112932
15,Aston Villa,0.09820000000000001,0.6,-0.039920946510207785,0.26320260539105944,-0.1381209465102078,-0.23020157751701298,-0.07485,0.6,-0.07488801650478669,0.26495974431865743,-3.80165047866865e-05,-6.336084131114417e-05
15,Bournemouth,0.07720000000000002,0.6,0.03385379031832487,0.25042493399134924,-0.04334620968167515,-0.07224368280279192,0.009150000000000002,0.6,0.07547913328810006,0.2605461949170846,0.06632913328810006,0.11054855548016676
15,Brentford,0.05620000000000001,0.6,0.009113110499973391,0.26199746678801783,-0.04708688950002662,-0.07847814916671103,-0.04385,0.6,-0.09777533900605483,0.26470798191833916,-0.053925339006054826,-0.08987556501009138
15,Brighton,0.06020000000000001,0.6,0.15969449134783797,0.24926972293998548,0.09949449134783797,0.16582415224639663,0.11715,0.6,-0.00035671515086198904,0.2692480320145262,-0.11750671515086199,-0.19584452525143664
15,Burnley,-0.6238,0.8,-0.42926493187767867,0.31465376698950076,0.19453506812232135,0.2431688351529017,0.17315,0.8,0.34081669748379806,0.22774015956493576,0.16766669748379806,0.20958337185474757
15,Chelsea,0.1622,0.6,0.28037240566246613,0.22578268168027127,0.11817240566246612,0.19695400943744354,-0.15585000000000002,0.6,-0.030479544025632268,0.26748715200399004,0.12537045597436774,0.20895075995727957
15,Crystal Palace,0.03420000000000001,0.6,0.06949844871675406,0.246680871935936,0.035298448716754055,0.05883074786125676,0.06215,0.6,-0.09139757225082341,0.27899987608521115,-0.1535475722508234,-0.255912620418039
15,Everton,-0.1308,0.6,-0.11218254566336022,0.27042566360882603,0.018617454336639777,0.031029090561066296,-0.07485,0.6,0.008210472906635333,0.25666655318305454,0.08306047290663533,0.13843412151105888
15,Fulham,-0.05279999999999999,0.6,-0.04697790369649232,0.26604570693854973,0.005822096303507676,0.00970349383917946,-0.0038499999999999975,0.6,-0.03221975943756451,0.25405114961229297,-0.028369759437564514,-0.047282932395940856
15,Leeds,-0.1258,0.8,-0.036295125918373645,0.2761323693340906,0.08950487408162636,0.11188109260203294,0.17315,0.8,0.15342182045767802,0.2589146456533078,-0.019728179542321977,-0.024660224427902472
15,Liverpool,0.5481999999999999,0.6,0.2592853775204868,0.23070187418716145,-0.2889146224795131,-0.48152437079918853,-0.21185,0.6,-0.1082996155288106,0.2660000944343843,0.10355038447118942,0.17258397411864904
15,Man City,0.2742,0.6,0.4016504041290091,0.21927978172716545,0.1274504041290091,0.21241734021501518,-0.18085,0.6,-0.12949021573900085,0.26943582657154436,0.05135978426099916,0.0855996404349986
15,Man United,-0.011799999999999995,0.6,0.15870303788220946,0.24251111898539052,0.17050303788220947,0.28417172980368244,-0.02485,0.6,0.06087981308414202,0.25121228218965963,0.08572981308414201,0.14288302180690338
15,Newcastle,0.1842,0.6,0.08505877086006419,0.2506031875834102,-0.09914122913993581,-0.16523538189989304,-0.07285,0.6,-0.08776899034819881,0.2672184470903538,-0.01491899034819881,-0.024864983913664686
15,Nottm Forest,-0.025799999999999993,0.6,-0.09452147384165277,0.2689791523207421,-0.06872147384165278,-0.11453578973608797,-0.03584999999999999,0.6,0.07812851158333022,0.24997999068163015,0.11397851158333021,0.189964185972217
15,Sunderland,-0.5758000000000001,0.8,-0.35094232459655805,0.32371977774897076,0.22485767540344204,0.2810720942543025,0.24115,0.8,0.0248130750153708,0.26875191363235856,-0.2163369249846292,-0.2704211562307865
15,Tottenham,0.09820000000000001,0.6,-0.043029587038379696,0.26302752221854725,-0.1412295870383797,-0.2353826450639662,0.17315,0.6,0.08020076790540086,0.2503338745097138,-0.09294923209459914,-0.1549153868243319
15,West Ham,-0.1048,0.6,-0.16250798567809271,0.26886740786658475,-0.05770798567809271,-0.09617997613015453,0.11315,0.6,0.26732838383080726,0.23410660999207555,0.15417838383080726,0.25696397305134544
15,Wolves,-0.11679999999999999,0.6,-0.40093125814778613,0.29311452163338697,-0.28413125814778617,-0.47355209691297695,0.14715,0.6,0.22238247084324733,0.24098189147235835,0.07523247084324733,0.12538745140541221
16,Arsenal,0.17520000000000002,0.6,0.2692161163236439,0.22657624801254103,0.09401611632364387,0.15669352720607313,-0.32985000000000003,0.6,-0.568618202694185,0.30666136352785733,-0.23876820269418492,-0.39794700449030823
16,Aston Villa,0.09820000000000001,0.6,0.021667275908920463,0.24944501758126847,-0.07653272409107954,-0.12755454015179923,-0.07485,0.6,-0.060178538445504776,0.26233696423810965,0.014671461554495224,0.02445243592415871
16,Bournemouth,0.07720000000000002,0.6,0.015804915734739498,0.24527806127639246,-0.061395084265260524,-0.10232514044210088,0.009150000000000002,0.6,0.02426151456281723,0.24188813492884023,0.01511151456281723,0.025185857604695383
16,Brentford,0.05620000000000001,0.6,-0.038075499029330356,0.2630818371144859,-0.09427549902933036,-0.1571258317155506,-0.04385,0.6,-0.05752824525179715,0.2499620542006921,-0.013678245251797151,-0.02279707541966192
16,Brighton,0.06020000000000001,0.6,0.14388549039120174,0.24263783513712806,0.08368549039120174,0.13947581731866956,0.11715,0.6,0.0029689968457563367,0.24682868198583563,-0.11418100315424366,-0.19030167192373945
16,Burnley,-0.6238,0.8,-0.4499943526991597,0.3182362217257901,0.1738056473008403,0.21725705912605037,0.17315,0.8,0.2917377247972913,0.2369064404390118,0.11858772479729132,0.14823465599661415
16,Chelsea,0.1622,0.6,0.23456377561507374,0.22473060073468581,0.07236377561507373,0.12060629269178956,-0.15585000000000002,0.6,-0.05089442150573999,0.2615982241337498,0.10495557849426003,0.17492596415710004
16,Crystal Palace,0.03420000000000001,0.6,0.08854219319653972,0.23631938018788645,0.05434219319653971,0.09057032199423286,0.06215,0.6,-0.09646158334569904,0.26527994795706245,-0.15861158334569903,-0.2643526389094984
16,Everton,-0.1308,0.6,-0.0909114799219347,0.25776063026057233,0.0398885200780653,0.0664808667967755,-0.07485,0.6,-0.0311303920895875,0.25075200335606423,0.0437196079104125,0.07286601318402085
16,Fulham,-0.05279999999999999,0.6,-0.05851025419366001,0.25638698113757796,-0.0057102541936600165,-0.009517090322766694,-0.0038499999999999975,0.6,-0.008810332436334885,0.24939289478054955,-0.004960332436334888,-0.008267220727224814
16,Leeds,-0.1258,0.8,-0.02987213830738393,0.26270662055797894,0.09592786169261606,0.11990982711577007,0.17315,0.8,0.17339080225931638,0.24066246673468167,0.0002408022593163861,0.00030100282414548263
16,Liverpool,0.5481999999999999,0.6,0.27224985715234057,0.22354436693020607,-0.27595014284765934,-0.4599169047460989,-0.21185,0.6,-0.1019687106103731,0.25479471182413377,0.10988128938962691,0.18313548231604485
16,Man City,0.2742,0.6,0.41433803507724265,0.2174710943953647,0.14013803507724265,0.23356339179540442,-0.18085,0.6,-0.14562885297543773,0.2681254157318202,0.03522114702456228,0.0587019117076038
16,Man United,-0.011799999999999995,0.6,0.20424455101899913,0.23200292950248796,0.21604455101899914,0.3600742516983319,-0.02485,0.6,0.0473074046182512,0.24813655756855207,0.0721574046182512,0.12026234103041866
16,Newcastle,0.1842,0.6,0.04701671071790189,0.24077314961533816,-0.1371832892820981,-0.22863881547016351,-0.07285,0.6,-0.10030545804324273,0.2579239456061821,-0.02745545804324273,-0.04575909673873789
16,Nottm Forest,-0.025799999999999993,0.6,-0.12985950223389228,0.26085043650518586,-0.10405950223389229,-0.17343250372315383,-0.03584999999999999,0.6,0.09674469449519854,0.24299231084407974,0.13259469449519853,0.22099115749199758
16,Sunderland,-0.5758000000000001,0.8,-0.36628855200829785,0.31141070051109443,0.20951144799170224,0.2618893099896278,0.24115,0.8,0.03644638222707244,0.25699858601526304,-0.20470361777292756,-0.25587952221615945
16,Tottenham,0.09820000000000001,0.6,0.0064573095263913294,0.25946005458560156,-0.09174269047360868,-0.15290448412268115,0.17315,0.6,0.028239109751076484,0.2501053057815067,-0.1449108902489235,-0.2415181504148725
16,West Ham,-0.1048,0.6,-0.14780811785205772,0.2618902859740429,-0.043008117852057715,-0.0716801964200962,0.11315,0.6,0.24821925820603172,0.2226212126584976,0.13506925820603172,0.2251154303433862
16,Wolves,-0.11679999999999999,0.6,-0.40666633441727823,0.2883883486458752,-0.28986633441727827,-0.4831105573621305,0.14715,0.6,0.27220884963509,0.2260997332704584,0.12505884963509,0.20843141605848337
17,Arsenal,0.17520000000000002,0.6,0.23805069389574549,0.2155615276506042,0.06285069389574546,0.10475115649290911,-0.32985000000000003,0.6,-0.571409997465049,0.3038617003558627,-0.24155999746504891,-0.40259999577508154
17,Aston Villa,0.09820000000000001,0.6,0.0070905165420511234,0.2398851972476292,-0.09110948345794889,-0.1518491390965815,-0.07485,0.6,-0.04874522383946461,0.2536922981861717,0.026104776160535387,0.04350796026755898
17,Bournemouth,0.07720000000000002,0.6,0.07299169143647706,0.2317473445587273,-0.004208308563522958,-0.007013847605871598,0.009150000000000002,0.6,0.0971552884618207,0.22940620675312218,0.0880052884618207,0.14667548076970116
17,Brentford,0.05620000000000001,0.6,-0.08983442965123678,0.2547253367324723,-0.14603442965123678,-0.24339071608539464,-0.04385,0.6,-0.037101947690298204,0.24174993352463747,0.006748052309701796,0.011246753849502994
17,Brighton,0.06020000000000001,0.6,0.13269923712088194,0.2321500496594429,0.07249923712088194,0.12083206186813657,0.11715,0.6,-0.0015448397679608305,0.23304982126811422,-0.11869483976796083,-0.19782473294660138
17,Burnley,-0.6238,0.8,-0.35196799562483105,0.2999910461564049,0.27183200437516897,0.3397900054689612,0.17315,0.8,0.3275072794621996,0.21207751575872774,0.1543572794621996,0.1929465993277495
17,Chelsea,0.1622,0.6,0.2380111018830415,0.21679771469324952,0.07581110188304149,0.12635183647173584,-0.15585000000000002,0.6,-0.06545119429942486,0.24813081069250192,0.09039880570057515,0.15066467616762527
17,Crystal Palace,0.03420000000000001,0.6,0.07907110245007953,0.23538443669358253,0.044871102450079525,0.07478517075013255,0.06215,0.6,-0.1489402595046752,0.255386335535085,-0.2110902595046752,-0.3518170991744587
17,Everton,-0.1308,0.6,-0.10298977820731318,0.2507322448540549,0.027810221792686815,0.04635036965447803,-0.07485,0.6,-0.02332579476744887,0.24395984852638708,0.051524205232551135,0.08587367538758522
17,Fulham,-0.05279999999999999,0.6,-0.01729706898974577,0.25553187689597784,0.03550293101025422,0.05917155168375704,-0.0038499999999999975,0.6,0.05461069128100243,0.23841690503931895,0.05846069128100243,0.09743448546833738
17,Leeds,-0.1258,0.8,-0.03409174505842182,0.2633170519289732,0.09170825494157817,0.1146353186769727,0.17315,0.8,0.13300267295102824,0.23954548098288825,-0.040147327048971754,-0.05018415881121469
17,Liverpool,0.5481999999999999,0.6,0.2733735700272471,0.21713845560855985,-0.2748264299727528,-0.45804404995458803,-0.21185,0.6,-0.11545521578319805,0.25613730370107407,0.09639478421680196,0.16065797369466994
17,Man City,0.2742,0.6,0.38561938224773257,0.21011167342587944,0.11141938224773257,0.18569897041288763,-0.18085,0.6,-0.1465016188813882,0.26156274170842236,0.0343483811186118,0.057247301864353
17,Man United,-0.011799999999999995,0.6,0.2712330197163888,0.21846101265854162,0.2830330197163888,0.47172169952731463,-0.02485,0.6,0.10614429320739353,0.22957938478061513,0.13099429320739353,0.21832382201232256
17,Newcastle,0.1842,0.6,0.0010391527535593768,0.24539925521003,-0.18316084724644063,-0.30526807874406775,-0.07285,0.6,-0.1264129488935493,0.2593862371001592,-0.05356294889354929,-0.08927158148924882
17,Nottm Forest,-0.025799999999999993,0.6,-0.08456807219467799,0.2552074516760989,-0.058768072194678,-0.09794678699113,-0.03584999999999999,0.6,0.05000999089118719,0.24028333099997454,0.08585999089118718,0.1430999848186453
17,Sunderland,-0.5758000000000001,0.8,-0.40234366448453873,0.29373474101250713,0.17345633551546136,0.2168204193943267,0.24115,0.8,-0.019072841202787245,0.25309105440180646,-0.26022284120278727,-0.32527855150348406
17,Tottenham,0.09820000000000001,0.6,-0.049831123449458954,0.24611958634913533,-0.14803112344945896,-0.2467185390824316,0.17315,0.6,0.06716133871447703,0.2399806142598942,-0.10598866128552296,-0.17664776880920494
17,West Ham,-0.1048,0.6,-0.1536599637853069,0.2542355295058588,-0.04885996378530691,-0.08143327297551152,0.11315,0.6,0.2358834155627308,0.22095158881301555,0.12273341556273079,0.20455569260455134
17,Wolves,-0.11679999999999999,0.6,-0.4125956266276733,0.285553663051368,-0.29579562662767334,-0.49299271104612225,0.14715,0.6,0.23248691156340473,0.21852700159800192,0.08533691156340473,0.14222818593900788
18,Arsenal,0.17520000000000002,0.6,0.21886259451485085,0.2138579933456694,0.04366259451485083,0.07277099085808472,-0.32985000000000003,0.6,-0.5987653867776455,0.2977843520929146,-0.2689153867776454,-0.44819231129607573
18,Aston Villa,0.09820000000000001,0.6,0.012898473951007084,0.23681200710332642,-0.08530152604899292,-0.14216921008165487,-0.07485,0.6,-0.05375158913610778,0.2428713944217526,0.02109841086389222,0.03516401810648703
18,Bournemouth,0.07720000000000002,0.6,0.04042767677158138,0.2320767605825576,-0.03677232322841864,-0.061287205380697735,0.009150000000000002,0.6,0.09090968256459393,0.22733262532014664,0.08175968256459393,0.13626613760765655
18,Brentford,0.05620000000000001,0.6,-0.06824452072251502,0.2461862883455173,-0.12444452072251502,-0.20740753453752506,-0.04385,0.6,-0.060050485905378495,0.24252606487117123,-0.016200485905378495,-0.027000809842297493
18,Brighton,0.06020000000000001,0.6,0.11322223314057718,0.228116424466746,0.05302223314057717,0.08837038856762862,0.11715,0.6,0.015531582127783718,0.2372248869752135,-0.10161841787221629,-0.16936402978702716
18,Burnley,-0.6238,0.8,-0.35483427904077414,0.2827155119416838,0.2689657209592259,0.33620715119903233,0.17315,0.8,0.3051871763544735,0.21388940076284682,0.1320371763544735,0.16504647044309187
18,Chelsea,0.1622,0.6,0.2548372363713469,0.21500826025942402,0.09263723637134691,0.15439539395224486,-0.15585000000000002,0.6,-0.018223971001118985,0.24495717655506397,0.13762602899888104,0.22937671499813508
18,Crystal Palace,0.03420000000000001,0.6,0.05608499015155032,0.23306859403082417,0.021884990151550314,0.03647498358591719,0.06215,0.6,-0.05137074057179224,0.24265870635928738,-0.11352074057179223,-0.1892012342863204
18,Everton,-0.1308,0.6,-0.12922362528027798,0.24471705706074223,0.0015763747197220235,0.002627291199536706,-0.07485,0.6,-0.04704227141027684,0.2360274408425338,0.027807728589723163,0.046346214316205274
18,Fulham,-0.05279999999999999,0.6,-0.05587284584778173,0.24586740538022017,-0.0030728458477817383,-0.0051214097463028975,-0.0038499999999999975,0.6,0.030478557013423207,0.24025106004867813,0.0343285570134232,0.057214261689038676
18,Leeds,-0.1258,0.8,0.06440590936623533,0.23586295456562995,0.19020590936623533,0.23775738670779414,0.17315,0.8,0.10944565691502385,0.23013833960046204,-0.06370434308497615,-0.07963042885622018
18,Liverpool,0.5481999999999999,0.6,0.25756367477687653,0.21139741303178297,-0.2906363252231234,-0.48439387537187234,-0.21185,0.6,-0.11206671025560978,0.2392075049901722,0.09978328974439023,0.16630548290731706
18,Man City,0.2742,0.6,0.38937238545685604,0.20284904827185213,0.11517238545685604,0.19195397576142675,-0.18085,0.6,-0.1467577878630673,0.25574525075839843,0.0340922121369327,0.0568203535615545
18,Man United,-0.011799999999999995,0.6,0.26671129660061565,0.21177523023538591,0.27851129660061563,0.4641854943343594,-0.02485,0.6,0.12019966976576749,0.22819561282953768,0.1450496697657675,0.2417494496096125
18,Newcastle,0.1842,0.6,0.051067166496393,0.22728512104533258,-0.133132833503607,-0.221888055839345,-0.07285,0.6,-0.10949448462274526,0.24426806874277357,-0.03664448462274526,-0.06107414103790877
18,Nottm Forest,-0.025799999999999993,0.6,-0.1086535543590448,0.25065051395222876,-0.0828535543590448,-0.13808925726507468,-0.03584999999999999,0.6,0.018708322574731887,0.23282052363780653,0.05455832257473188,0.09093053762455314
18,Sunderland,-0.5758000000000001,0.8,-0.3800576974313323,0.2887329363862439,0.19574230256866781,0.24467787821083475,0.24115,0.8,-0.028686429728311754,0.2383533088715455,-0.26983642972831173,-0.3372955371603896
18,Tottenham,0.09820000000000001,0.6,-0.04859273165462115,0.24386449685030306,-0.14679273165462114,-0.24465455275770193,0.17315,0.6,0.05474811886446083,0.23428063233700774,-0.11840188113553918,-0.19733646855923198
18,West Ham,-0.1048,0.6,-0.14857793724192261,0.2550122090444147,-0.04377793724192261,-0.07296322873653768,0.11315,0.6,0.2359635449566777,0.2075773301307078,0.1228135449566777,0.20468924159446286
18,Wolves,-0.11679999999999999,0.6,-0.4313964460196205,0.27882825143302353,-0.31459644601962056,-0.524327410032701,0.14715,0.6,0.24503754613511775,0.20884354314125178,0.09788754613511774,0.16314591022519626
19,Arsenal,0.17520000000000002,0.6,0.24273035654347816,0.20687849756936233,0.06753035654347814,0.11255059423913023,-0.32985000000000003,0.6,-0.5871870840640238,0.28354631080159376,-0.2573370840640237,-0.4288951401067062
19,Aston Villa,0.09820000000000001,0.6,0.024469188681577166,0.22783538324446762,-0.07373081131842285,-0.12288468553070475,-0.07485,0.6,-0.05030711339972837,0.23278170186987301,0.02454288660027163,0.04090481100045272
19,Bournemouth,0.07720000000000002,0.6,0.06846422267134099,0.21749454985711944,-0.00873577732865903,-0.014559628881098385,0.009150000000000002,0.6,0.16297465418956503,0.21207417761816,0.15382465418956504,0.2563744236492751
19,Brentford,0.05620000000000001,0.6,0.01968241109383218,0.22284964334228588,-0.036517588906167825,-0.06086264817694638,-0.04385,0.6,-0.02772889090896416,0.2387563262575205,0.01612110909103584,0.0268685151517264
19,Brighton,0.06020000000000001,0.6,0.11591484317032949,0.21503175504358002,0.05571484317032948,0.09285807195054914,0.11715,0.6,0.0417411829082311,0.22236874622141606,-0.0754088170917689,-0.12568136181961484
19,Burnley,-0.6238,0.8,-0.36050269030652704,0.2775269198953582,0.263297309693473,0.3291216371168412,0.17315,0.8,0.28373626122205037,0.20916553043066238,0.11058626122205037,0.13823282652756294
19,Chelsea,0.1622,0.6,0.2582398329068102,0.19880176797789068,0.09603983290681017,0.16006638817801697,-0.15585000000000002,0.6,-0.007788466602766408,0.2301173948160225,0.1480615333972336,0.24676922232872267
19,Crystal Palace,0.03420000000000001,0.6,0.034198473950774126,0.22698745584532085,-1.526049225882009e-06,-2.543415376470015e-06,0.06215,0.6,-0.060407799738930776,0.22877942138535567,-0.12255779973893077,-0.20426299956488464
19,Everton,-0.1308,0.6,-0.15759952345940523,0.2469799510429239,-0.026799523459405228,-0.044665872432342046,-0.07485,0.6,-0.04863267353949166,0.22964855961243247,0.02621732646050834,0.043695544100847236
19,Fulham,-0.05279999999999999,0.6,-0.04618825289282463,0.23095225955778653,0.00661174710717536,0.011019578511958934,-0.0038499999999999975,0.6,0.004475533898933851,0.22181756605319808,0.008325533898933849,0.013875889831556415
19,Leeds,-0.1258,0.8,0.08061379403042435,0.22824326776595869,0.20641379403042434,0.25801724253803043,0.17315,0.8,0.09795576549547334,0.2267383595314418,-0.07519423450452666,-0.09399279313065831
19,Liverpool,0.5481999999999999,0.6,0.23957113288780119,0.20403945250988464,-0.3086288671121987,-0.5143814451869979,-0.21185,0.6,-0.1020972117354749,0.23687577467494722,0.10975278826452511,0.18292131377420853
19,Man City,0.2742,0.6,0.3813871597742278,0.19741137596507607,0.10718715977422782,0.17864526629037972,-0.18085,0.6,-0.1695832353338856,0.24759220147293454,0.011266764666114398,0.018777941110190665
19,Man United,-0.011799999999999995,0.6,0.2502942938818873,0.20251425895023872,0.26209429388188726,0.4368238231364788,-0.02485,0.6,0.1042165080354331,0.2263711399202247,0.1290665080354331,0.21511084672572184
19,Newcastle,0.1842,0.6,0.028121781708974336,0.2306579300246922,-0.15607821829102567,-0.2601303638183761,-0.07285,0.6,-0.14299322559421226,0.2513505254661423,-0.07014322559421227,-0.11690537599035378
19,Nottm Forest,-0.025799999999999993,0.6,-0.13093066106279594,0.24102769223913886,-0.10513066106279595,-0.17521776843799325,-0.03584999999999999,0.6,0.0052840363201630625,0.23284517825749038,0.041134036320163055,0.06855672720027176
19,Sunderland,-0.5758000000000001,0.8,-0.4006270921126647,0.28570024680905076,0.17517290788733542,0.21896613485916927,0.24115,0.8,-0.006958719430784223,0.22596926853131455,-0.24810871943078422,-0.31013589928848023
19,Tottenham,0.09820000000000001,0.6,-0.057208347323214885,0.23428865304415986,-0.1554083473232149,-0.2590139122053582,0.17315,0.6,0.03523569069909443,0.22648330136533243,-0.13791430930090556,-0.22985718216817594
19,West Ham,-0.1048,0.6,-0.17950582197258075,0.2436659562021339,-0.07470582197258074,-0.12450970328763458,0.11315,0.6,0.2413660025923906,0.20805147466544688,0.1282160025923906,0.21369333765398435
19,Wolves,-0.11679999999999999,0.6,-0.41112510217144416,0.27544856228716386,-0.29432510217144414,-0.49054183695240694,0.14715,0.6,0.22669878498692717,0.20872540084331145,0.07954878498692716,0.13258130831154527
20,Arsenal,0.17520000000000002,0.6,0.2774706250007062,0.197717932380048,0.10227062500070616,0.1704510416678436,-0.32985000000000003,0.6,-0.5158638787830759,0.27649484580493866,-0.1860138787830759,-0.31002313130512654
20,Aston Villa,0.09820000000000001,0.6,0.07130699732175244,0.21455997680487163,-0.02689300267824757,-0.04482167113041262,-0.07485,0.6,0.004764147512311065,0.22498851788760812,0.07961414751231106,0.13269024585385178
20,Bournemouth,0.07720000000000002,0.6,0.10875078627595693,0.2174045696302769,0.03155078627595691,0.05258464379326151,0.009150000000000002,0.6,0.14477227055314087,0.20775428326704265,0.13562227055314088,0.22603711758856815
20,Brentford,0.05620000000000001,0.6,-0.014323299131456293,0.22668297622770717,-0.0705232991314563,-0.1175388318857605,-0.04385,0.6,-0.0449203674644819,0.22595186073284704,-0.0010703674644819,-0.0017839457741365
20,Brighton,0.06020000000000001,0.6,0.10599861308494127,0.21943506619756076,0.04579861308494126,0.07633102180823544,0.11715,0.6,0.035090454911156366,0.21829612568992113,-0.08205954508884364,-0.13676590848140607
20,Burnley,-0.6238,0.8,-0.3593652473512556,0.27141720149095266,0.26443475264874444,0.3305434408109305,0.17315,0.8,0.2973400877267382,0.19357738979007952,0.1241900877267382,0.15523760965842273
20,Chelsea,0.1622,0.6,0.2393109797169988,0.19848099758956242,0.07711097971699879,0.12851829952833133,-0.15585000000000002,0.6,0.03074957395718614,0.22066437354745652,0.18659957395718615,0.3109992899286436
20,Crystal Palace,0.03420000000000001,0.6,0.038423014912241316,0.22210990810827627,0.004223014912241307,0.007038358187068846,0.06215,0.6,-0.04570975135221175,0.22847774311128288,-0.10785975135221175,-0.17976625225368625
20,Everton,-0.1308,0.6,-0.1482373941690224,0.2366187969145805,-0.017437394169022402,-0.029062323615037338,-0.07485,0.6,-0.05092108102224049,0.22399329200748316,0.023928918977759513,0.03988153162959919
20,Fulham,-0.05279999999999999,0.6,-0.03642037186003884,0.2238430944336896,0.016379628139961154,0.02729938023326859,-0.0038499999999999975,0.6,0.005594459025584666,0.2214551377787944,0.009444459025584663,0.015740765042641106
20,Leeds,-0.1258,0.8,0.061153763356258134,0.21884664775833587,0.18695376335625813,0.23369220419532266,0.17315,0.8,0.06886795107840654,0.22507608903152185,-0.10428204892159346,-0.1303525611519918
20,Liverpool,0.5481999999999999,0.6,0.2225064079508809,0.20181914382856633,-0.325693592049119,-0.5428226534151984,-0.21185,0.6,-0.12800779520543926,0.23610676729953586,0.08384220479456075,0.1397370079909346
20,Man City,0.2742,0.6,0.3716302200819152,0.19047455581835662,0.09743022008191521,0.16238370013652537,-0.18085,0.6,-0.1738788779382344,0.24136739134026228,0.006971122061765617,0.011618536769609361
20,Man United,-0.011799999999999995,0.6,0.2020766504878705,0.20500476380007934,0.2138766504878705,0.35646108414645084,-0.02485,0.6,0.09785820341884874,0.22004728443512808,0.12270820341884874,0.2045136723647479
20,Newcastle,0.1842,0.6,0.05176210374696331,0.2150742856714423,-0.1324378962530367,-0.2207298270883945,-0.07285,0.6,-0.13377813715515177,0.23431494039787498,-0.060928137155151774,-0.10154689525858629
20,Nottm Forest,-0.025799999999999993,0.6,-0.11973133462909169,0.23267938303955008,-0.0939313346290917,-0.1565522243818195,-0.03584999999999999,0.6,0.01855502301629191,0.22608301249595347,0.0544050230162919,0.0906750383604865
20,Sunderland,-0.5758000000000001,0.8,-0.4103209343456214,0.27071251409112795,0.1654790656543787,0.20684883206797336,0.24115,0.8,-0.028341824542130717,0.23346831362027987,-0.2694918245421307,-0.3368647806776634
20,Tottenham,0.09820000000000001,0.6,-0.071005443563693,0.2276887436829851,-0.169205443563693,-0.282009072606155,0.17315,0.6,0.008886524070392284,0.21852604957570157,-0.16426347592960772,-0.27377245988267956
20,West Ham,-0.1048,0.6,-0.18463452344813924,0.24650490060841723,-0.07983452344813924,-0.13305753908023207,0.11315,0.6,0.22370597830257635,0.20217405577073974,0.11055597830257635,0.18425996383762727
20,Wolves,-0.11679999999999999,0.6,-0.40635161343816645,0.2667670423115403,-0.2895516134381665,-0.48258602239694415,0.14715,0.6,0.18523703989033297,0.2028864186501098,0.03808703989033296,0.06347839981722161
21,Arsenal,0.17520000000000002,0.6,0.2767049677920412,0.19150933711766072,0.10150496779204116,0.1691749463200686,-0.32985000000000003,0.6,-0.48328864695639057,0.2662849656775503,-0.15343864695639053,-0.2557310782606509
21,Aston Villa,0.09820000000000001,0.6,0.09316654777579407,0.20824908195268096,-0.005033452224205939,-0.008389087040343232,-0.07485,0.6,-0.0018924415373536658,0.21174106127543987,0.07295755846264633,0.12159593077107722
21,Bournemouth,0.07720000000000002,0.6,0.13365304528291666,0.20263378007661534,0.05645304528291664,0.09408840880486108,0.009150000000000002,0.6,0.14551348880506879,0.20798209251210245,0.1363634888050688,0.22727248134178132
21,Brentford,0.05620000000000001,0.6,0.06176605615342359,0.2165541028658399,0.005566056153423586,0.009276760255705977,-0.04385,0.6,-0.04333746981047871,0.21787905825013612,0.0005125301895212916,0.0008542169825354861
21,Brighton,0.06020000000000001,0.6,0.08941295212241397,0.2062249797183781,0.02921295212241396,0.048688253537356604,0.11715,0.6,0.01125508918629222,0.2193534082739972,-0.10589491081370778,-0.1764915180228463
21,Burnley,-0.6238,0.8,-0.39051270394383414,0.2616797248120238,0.23328729605616588,0.29160912007020734,0.17315,0.8,0.27909927636065385,0.1989805936368091,0.10594927636065385,0.1324365954508173
21,Chelsea,0.1622,0.6,0.24001024653524383,0.20212579314556606,0.07781024653524382,0.12968374422540638,-0.15585000000000002,0.6,-0.0016945055684409666,0.21430421290396567,0.15415549443155904,0.2569258240525984
21,Crystal Palace,0.03420000000000001,0.6,0.02017425337250053,0.21588706958699258,-0.014025746627499478,-0.023376244379165797,0.06215,0.6,-0.012239552970813285,0.218011927805421,-0.07438955297081329,-0.12398258828468882
21,Everton,-0.1308,0.6,-0.14293965179631904,0.23671152744115267,-0.01213965179631904,-0.020232752993865066,-0.07485,0.6,0.019496431142382413,0.21193289711816177,0.09434643114238242,0.1572440519039707
21,Fulham,-0.05279999999999999,0.6,-0.04072279684574239,0.2240350779049919,0.012077203154257601,0.02012867192376267,-0.0038499999999999975,0.6,0.008075469898649672,0.21350065470505294,0.01192546989864967,0.019875783164416117
21,Leeds,-0.1258,0.8,0.03679979623553571,0.22271688750321586,0.16259979623553572,0.20324974529441964,0.17315,0.8,0.058972348949111256,0.21406667714280486,-0.11417765105088874,-0.1427220638136109
21,Liverpool,0.5481999999999999,0.6,0.22253809304185426,0.19914873528910482,-0.3256619069581457,-0.5427698449302428,-0.21185,0.6,-0.13257038926849962,0.22954921881795468,0.07927961073150039,0.13213268455250066
21,Man City,0.2742,0.6,0.3443264487679189,0.18992504926882134,0.0701264487679189,0.11687741461319817,-0.18085,0.6,-0.1729722719216038,0.23558097200042083,0.007877728078396207,0.013129546797327012
21,Man United,-0.011799999999999995,0.6,0.20065425941439516,0.1943339785585048,0.21245425941439516,0.3540904323573253,-0.02485,0.6,0.08185452186714255,0.2172251463346333,0.10670452186714255,0.17784086977857091
21,Newcastle,0.1842,0.6,0.07794381400783183,0.20657333352988133,-0.10625618599216817,-0.1770936433202803,-0.07285,0.6,-0.15469667101554388,0.2291279834606208,-0.08184667101554388,-0.1364111183592398
21,Nottm Forest,-0.025799999999999993,0.6,-0.1217802952942103,0.23324510672481288,-0.09598029529421032,-0.15996715882368387,-0.03584999999999999,0.6,0.04005740284980685,0.21442587668594834,0.07590740284980685,0.12651233808301143
21,Sunderland,-0.5758000000000001,0.8,-0.4065713341898046,0.27155775207979976,0.16922866581019547,0.21153583226274433,0.24115,0.8,-0.02624202219912834,0.22137680690416056,-0.26739202219912833,-0.3342400277489104
21,Tottenham,0.09820000000000001,0.6,-0.07938701599025523,0.21597896948280423,-0.17758701599025523,-0.2959783599837587,0.17315,0.6,-0.0021480733262337235,0.21278609135766297,-0.17529807332623373,-0.2921634555437229
21,West Ham,-0.1048,0.6,-0.22394645923985934,0.24159823863149177,-0.11914645923985934,-0.19857743206643225,0.11315,0.6,0.22876826611382062,0.19999831064317655,0.11561826611382062,0.19269711018970104
21,Wolves,-0.11679999999999999,0.6,-0.3912902232018448,0.25218133881982374,-0.2744902232018448,-0.45748370533640803,0.14715,0.6,0.1579897494015583,0.20165674315218862,0.010839749401558296,0.01806624900259716
22,Arsenal,0.17520000000000002,0.6,0.2489341313010575,0.1824212615204995,0.07373413130105747,0.12289021883509578,-0.32985000000000003,0.6,-0.5213636368502098,0.26623192701394055,-0.19151363685020978,-0.31918939475034963
22,Aston Villa,0.09820000000000001,0.6,0.0841483459514696,0.20818148136440012,-0.014051654048530413,-0.023419423414217357,-0.07485,0.6,-0.011024732442214085,0.21185744660826528,0.06382526755778592,0.10637544592964321
22,Bournemouth,0.07720000000000002,0.6,0.13466687504663252,0.20180762707882582,0.057466875046632504,0.09577812507772085,0.009150000000000002,0.6,0.150536515656356,0.19379560725062478,0.14138651565635602,0.23564419276059337
22,Brentford,0.05620000000000001,0.6,0.10809760611653353,0.2106324925356271,0.051897606116533525,0.08649601019422254,-0.04385,0.6,-0.04366246236037581,0.21846073242197891,0.00018753763962418846,0.00031256273270698076
22,Brighton,0.06020000000000001,0.6,0.08880655349681371,0.20341185728265707,0.0286065534968137,0.04767758916135617,0.11715,0.6,-0.009635265945514256,0.21012975507086504,-0.12678526594551426,-0.21130877657585712
22,Burnley,-0.6238,0.8,-0.4009477743198298,0.26400556547956044,0.2228522256801702,0.27856528210021275,0.17315,0.8,0.29068720254371166,0.1913220227315761,0.11753720254371167,0.14692150317963956
22,Chelsea,0.1622,0.6,0.25055760123241155,0.19107054691451186,0.08835760123241154,0.1472626687206859,-0.15585000000000002,0.6,0.004845154486484875,0.2108235853179603,0.1606951544864849,0.2678252574774748
22,Crystal Palace,0.03420000000000001,0.6,0.011636680275331178,0.20963259225809672,-0.02256331972466883,-0.03760553287444805,0.06215,0.6,-0.017239984258699558,0.20978052502191766,-0.07938998425869956,-0.13231664043116595
22,Everton,-0.1308,0.6,-0.15854230783956938,0.23316259237165549,-0.02774230783956938,-0.04623717973261564,-0.07485,0.6,0.023270147083777174,0.21015175103836303,0.09812014708377717,0.16353357847296196
22,Fulham,-0.05279999999999999,0.6,-0.029831733843691227,0.214518953489642,0.022968266156308766,0.03828044359384795,-0.0038499999999999975,0.6,0.027593529947214878,0.2011509349848848,0.031443529947214874,0.05240588324535812
22,Leeds,-0.1258,0.8,0.05172325350094826,0.21467695321577668,0.17752325350094825,0.2219040668761853,0.17315,0.8,0.08358372432686242,0.20207582388419262,-0.08956627567313757,-0.11195784459142197
22,Liverpool,0.5481999999999999,0.6,0.2021673337864259,0.19887500302135078,-0.346032666213574,-0.5767211103559566,-0.21185,0.6,-0.1676954028947417,0.2266527276182597,0.04415459710525832,0.07359099517543054
22,Man City,0.2742,0.6,0.3309883384640283,0.18198928181664112,0.05678833846402831,0.09464723077338053,-0.18085,0.6,-0.17467542593341243,0.23311011475007412,0.006174574066587585,0.010290956777645976
22,Man United,-0.011799999999999995,0.6,0.2132455910343051,0.2002378729972014,0.2250455910343051,0.3750759850571752,-0.02485,0.6,0.07525619033695821,0.2053013339142687,0.10010619033695821,0.16684365056159703
22,Newcastle,0.1842,0.6,0.09414869735580832,0.19842004829768237,-0.09005130264419169,-0.15008550440698615,-0.07285,0.6,-0.14179689004511106,0.22243736900904681,-0.06894689004511106,-0.11491148340851845
22,Nottm Forest,-0.025799999999999993,0.6,-0.13895101088499015,0.2261536870960118,-0.11315101088499016,-0.18858501814165027,-0.03584999999999999,0.6,0.0286509670131476,0.20776686808288786,0.06450096701314759,0.10750161168857932
22,Sunderland,-0.5758000000000001,0.8,-0.40946255664949255,0.25752299780460136,0.16633744335050754,0.2079218041881344,0.24115,0.8,0.029587681327802037,0.21066847842183192,-0.21156231867219796,-0.26445289834024743
22,Tottenham,0.09820000000000001,0.6,-0.06652770206036143,0.2205639340195793,-0.16472770206036144,-0.2745461701006024,0.17315,0.6,0.007145117176307076,0.2093827342514429,-0.1660048828236929,-0.27667480470615485
22,West Ham,-0.1048,0.6,-0.2290394849263771,0.23159682909121357,-0.1242394849263771,-0.2070658082106285,0.11315,0.6,0.21836457364789902,0.19181180830294184,0.10521457364789902,0.17535762274649838
22,Wolves,-0.11679999999999999,0.6,-0.38581843703745367,0.24909958003868599,-0.26901843703745365,-0.44836406172908944,0.14715,0.6,0.14757299718375777,0.19225693149296647,0.0004229971837577673,0.0007049953062629455
23,Arsenal,0.17520000000000002,0.6,0.257834766202772,0.18595411207534773,0.08263476620277199,0.13772461033795333,-0.32985000000000003,0.6,-0.5311181703049935,0.26323420436481887,-0.2012681703049935,-0.3354469505083225
23,Aston Villa,0.09820000000000001,0.6,0.07823711484188983,0.20107174152794072,-0.019962885158110177,-0.03327147526351697,-0.07485,0.6,-0.007832159786970772,0.2129896059297791,0.06701784021302923,0.11169640035504871
23,Bournemouth,0.07720000000000002,0.6,0.11266919218495511,0.202728061447207,0.03546919218495509,0.05911532030825849,0.009150000000000002,0.6,0.14130563806908988,0.18909530201038097,0.1321556380690899,0.2202593967818165
23,Brentford,0.05620000000000001,0.6,0.10906688082016996,0.19681648238953478,0.05286688082016996,0.0881114680336166,-0.04385,0.6,-0.06686429118336386,0.21442077892216793,-0.023014291183363858,-0.0383571519722731
23,Brighton,0.06020000000000001,0.6,0.071486659704393,0.20632201361020847,0.011286659704392986,0.018811099507321644,0.11715,0.6,-0.03569616813079295,0.2168087598739462,-0.15284616813079296,-0.25474361355132163
23,Burnley,-0.6238,0.8,-0.39937424839852503,0.25650468347205835,0.224425751601475,0.2805321895018437,0.17315,0.8,0.2995590041255051,0.18118537393997836,0.12640900412550513,0.15801125515688139
23,Chelsea,0.1622,0.6,0.23805786509012195,0.18697340710042615,0.07585786509012193,0.12642977515020323,-0.15585000000000002,0.6,0.011252801928892955,0.20574473463862036,0.16710280192889299,0.2785046698814883
23,Crystal Palace,0.03420000000000001,0.6,-0.002806685783724147,0.2059528690344359,-0.03700668578372415,-0.061677809639540254,0.06215,0.6,0.026626720043632555,0.211430922159046,-0.03552327995636744,-0.05920546659394574
23,Everton,-0.1308,0.6,-0.15900665197644145,0.22564639621160065,-0.028206651976441455,-0.04701108662740243,-0.07485,0.6,0.017298982556674565,0.20353368350974022,0.09214898255667456,0.15358163759445762
23,Fulham,-0.05279999999999999,0.6,-0.060931404066747505,0.21595891928308145,-0.008131404066747512,-0.013552340111245854,-0.0038499999999999975,0.6,0.028326433766618375,0.20730808490045158,0.03217643376661837,0.05362738961103062
23,Leeds,-0.1258,0.8,0.05453834491345836,0.21074794353562215,0.18033834491345835,0.22542293114182294,0.17315,0.8,0.06027972848082277,0.20784720326245165,-0.11287027151917722,-0.14108783939897152
23,Liverpool,0.5481999999999999,0.6,0.20281113628345018,0.19541659711323278,-0.34538886371654975,-0.5756481061942497,-0.21185,0.6,-0.1710566884830309,0.22285117629171297,0.040793311516969105,0.06798885252828185
23,Man City,0.2742,0.6,0.2989655509206977,0.18681345029416946,0.02476555092069771,0.04127591820116285,-0.18085,0.6,-0.14147058875786175,0.21388459165684143,0.03937941124213826,0.06563235207023044
23,Man United,-0.011799999999999995,0.6,0.2413405085774591,0.18372575136392272,0.25314050857745907,0.42190084762909846,-0.02485,0.6,0.0416777978585564,0.20260133970622526,0.0665277978585564,0.11087966309759402
23,Newcastle,0.1842,0.6,0.07715532332792827,0.20124497223379054,-0.10704467667207174,-0.1784077944534529,-0.07285,0.6,-0.15608487970210133,0.223232012819871,-0.08323487970210133,-0.13872479950350222
23,Nottm Forest,-0.025799999999999993,0.6,-0.1479266688944311,0.22275118072247796,-0.1221266688944311,-0.20354444815738518,-0.03584999999999999,0.6,0.03678425420268034,0.20693911676657617,0.07263425420268033,0.12105709033780054
23,Sunderland,-0.5758000000000001,0.8,-0.3444481907278096,0.2562282756469663,0.2313518092721905,0.2891897615902381,0.24115,0.8,0.027999191760238823,0.20707597222827312,-0.21315080823976118,-0.26643851029970145
23,Tottenham,0.09820000000000001,0.6,-0.0676619980307342,0.21627431422943671,-0.1658619980307342,-0.276436663384557,0.17315,0.6,0.06245090104413454,0.2036603373173769,-0.11069909895586547,-0.1844984982597758
23,West Ham,-0.1048,0.6,-0.16341733551936255,0.22099015510264305,-0.058617335519362546,-0.09769555919893758,0.11315,0.6,0.22730881531092742,0.18863425177152943,0.11415881531092742,0.19026469218487904
23,Wolves,-0.11679999999999999,0.6,-0.3965901594695198,0.25458991245492196,-0.2797901594695198,-0.4663169324491997,0.14715,0.6,0.1292526772013414,0.19938335552277345,-0.017897322798658605,-0.029828871331097677
24,Arsenal,0.17520000000000002,0.6,0.24890063825658332,0.19097522837006775,0.0737006382565833,0.12283439709430549,-0.32985000000000003,0.6,-0.5197932568580163,0.25520426853829886,-0.18994325685801622,-0.3165720947633604
24,Aston Villa,0.09820000000000001,0.6,0.09142751458421564,0.19825119827904064,-0.006772485415784374,-0.011287475692973958,-0.07485,0.6,-0.013230152243953347,0.200910895867407,0.061619847756046654,0.10269974626007776
24,Bournemouth,0.07720000000000002,0.6,0.14526875002366393,0.197474458068455,0.06806875002366392,0.11344791670610653,0.009150000000000002,0.6,0.13197092167257585,0.19848578686989285,0.12282092167257584,0.20470153612095973
24,Brentford,0.05620000000000001,0.6,0.09274951542212487,0.19352567982632804,0.03654951542212486,0.06091585903687477,-0.04385,0.6,-0.07134083616899334,0.21101491259810382,-0.027490836168993338,-0.04581806028165557
24,Brighton,0.06020000000000001,0.6,0.07269615353033698,0.2005976760471166,0.012496153530336972,0.020826922550561622,0.11715,0.6,-0.03848740123304164,0.20873678329231438,-0.15563740123304165,-0.2593956687217361
24,Burnley,-0.6238,0.8,-0.3769590143328659,0.2522766137403925,0.24684098566713414,0.30855123208391766,0.17315,0.8,0.316877622385744,0.18104938663190376,0.14372762238574402,0.17965952798218002
24,Chelsea,0.1622,0.6,0.22989098359914883,0.18990341123405044,0.06769098359914882,0.11281830599858138,-0.15585000000000002,0.6,0.009872736336281185,0.20125334571430004,0.1657227363362812,0.2762045605604687
24,Crystal Palace,0.03420000000000001,0.6,0.004405569291029787,0.2050329717075137,-0.02979443070897022,-0.049657384514950366,0.06215,0.6,0.015690722115752058,0.20798508169415353,-0.04645927788424794,-0.0774321298070799
24,Everton,-0.1308,0.6,-0.17193758636165934,0.21960070486673913,-0.041137586361659345,-0.06856264393609891,-0.07485,0.6,0.019865863065608384,0.19255152977856108,0.09471586306560839,0.15785977177601399
24,Fulham,-0.05279999999999999,0.6,-0.05573216643623595,0.20535992486028168,-0.002932166436235957,-0.004886944060393262,-0.0038499999999999975,0.6,0.027175177941337815,0.20308876478685148,0.031025177941337814,0.05170862990222969
24,Leeds,-0.1258,0.8,0.05014903695694665,0.2102244339003042,0.17594903695694664,0.2199362961961833,0.17315,0.8,0.04572268192190044,0.20122329885963866,-0.12742731807809957,-0.15928414759762444
24,Liverpool,0.5481999999999999,0.6,0.19839053825127326,0.18968887482727098,-0.3498094617487266,-0.583015769581211,-0.21185,0.6,-0.13016459038444855,0.21647309324427721,0.08168540961555146,0.13614234935925243
24,Man City,0.2742,0.6,0.28245060190311394,0.1833522926024576,0.008250601903113941,0.013751003171856568,-0.18085,0.6,-0.15181929795881013,0.21842479405534984,0.029030702041189876,0.04838450340198313
24,Man United,-0.011799999999999995,0.6,0.24840757535494537,0.1877061586594893,0.2602075753549454,0.4336792922582423,-0.02485,0.6,0.03461977229953756,0.20552865041118892,0.059469772299537565,0.09911628716589595
24,Newcastle,0.1842,0.6,0.07780547062930751,0.19585312642789268,-0.10639452937069249,-0.17732421561782083,-0.07285,0.6,-0.13813050128468274,0.21417535683509964,-0.06528050128468274,-0.10880083547447124
24,Nottm Forest,-0.025799999999999993,0.6,-0.15297977765819246,0.2283556934819956,-0.12717977765819247,-0.21196629609698744,-0.03584999999999999,0.6,0.029661006394717696,0.2002577488165288,0.06551100639471769,0.10918501065786282
24,Sunderland,-0.5758000000000001,0.8,-0.3624106706836809,0.24284342719946916,0.2133893293163192,0.266736661645399,0.24115,0.8,0.02106928378766426,0.20367423558722392,-0.22008071621233574,-0.27510089526541964
24,Tottenham,0.09820000000000001,0.6,-0.039688320823908246,0.20446361112823463,-0.13788832082390826,-0.2298138680398471,0.17315,0.6,0.08225741613824118,0.19822051974870034,-0.09089258386175882,-0.15148763976959803
24,West Ham,-0.1048,0.6,-0.1684192537223564,0.21871256915306594,-0.06361925372235638,-0.10603208953726065,0.11315,0.6,0.21957020191128845,0.1899564570453538,0.10642020191128845,0.17736700318548076
24,Wolves,-0.11679999999999999,0.6,-0.41441555778379097,0.24177341114413034,-0.297615557783791,-0.4960259296396517,0.14715,0.6,0.10861263016129703,0.18768647094529486,-0.03853736983870297,-0.06422894973117162
25,Arsenal,0.17520000000000002,0.6,0.2691904887587385,0.17960492693513858,0.0939904887587385,0.1566508145978975,-0.32985000000000003,0.6,-0.5602762681153874,0.24495465573892572,-0.2304262681153874,-0.3840437801923124
25,Aston Villa,0.09820000000000001,0.6,0.09547630303796245,0.19755916073751298,-0.0027236969620375584,-0.004539494936729264,-0.07485,0.6,-0.035584915186887285,0.1956484956366308,0.039265084813112715,0.06544180802185452
25,Bournemouth,0.07720000000000002,0.6,0.14017903011091623,0.1968529598049337,0.06297903011091621,0.10496505018486035,0.009150000000000002,0.6,0.1323517870164257,0.18695634578444367,0.12320178701642569,0.20533631169404282
25,Brentford,0.05620000000000001,0.6,0.07524344404433048,0.19130822730723715,0.01904344404433047,0.031739073407217454,-0.04385,0.6,-0.06224841698577676,0.2082919108778689,-0.01839841698577676,-0.030664028309627934
25,Brighton,0.06020000000000001,0.6,0.06524395371253716,0.19323686677951116,0.005043953712537151,0.008406589520895253,0.11715,0.6,-0.034296096629881374,0.2022723022119755,-0.15144609662988137,-0.2524101610498023
25,Burnley,-0.6238,0.8,-0.4106181627749721,0.23709530601072776,0.21318183722502793,0.2664772965312849,0.17315,0.8,0.32141083266675924,0.18173242936968495,0.14826083266675924,0.18532604083344903
25,Chelsea,0.1622,0.6,0.2466821567884752,0.18483066305526963,0.08448215678847518,0.14080359464745865,-0.15585000000000002,0.6,0.022745160015254083,0.19770969576456335,0.1785951600152541,0.29765860002542355
25,Crystal Palace,0.03420000000000001,0.6,-0.009330094086286912,0.2056929186669008,-0.04353009408628692,-0.0725501568104782,0.06215,0.6,-0.003918747752669593,0.19624323784515066,-0.06606874775266959,-0.11011457958778266
25,Everton,-0.1308,0.6,-0.1619946513858719,0.20717117714254948,-0.031194651385871908,-0.05199108564311985,-0.07485,0.6,0.01453833626305687,0.1920936067532607,0.08938833626305687,0.1489805604384281
25,Fulham,-0.05279999999999999,0.6,-0.05776400331221403,0.21059823277378267,-0.004964003312214034,-0.008273338853690058,-0.0038499999999999975,0.6,0.03884843740051637,0.2028800758342799,0.04269843740051637,0.07116406233419395
25,Leeds,-0.1258,0.8,0.025655924683986735,0.20545434451252897,0.15145592468398672,0.1893199058549834,0.17315,0.8,0.07118515933850547,0.19358566699218,-0.10196484066149453,-0.12745605082686814
25,Liverpool,0.5481999999999999,0.6,0.23307187156372802,0.18126444887314314,-0.3151281284362719,-0.5252135473937866,-0.21185,0.6,-0.14646340528054405,0.2130746404169563,0.06538659471945596,0.10897765786575994
25,Man City,0.2742,0.6,0.28688288562668024,0.17707426260414266,0.01268288562668024,0.021138142711133734,-0.18085,0.6,-0.13943850044600486,0.21066307919005994,0.041411499553995146,0.06901916592332524
25,Man United,-0.011799999999999995,0.6,0.2598194035683518,0.17853530463523107,0.2716194035683518,0.452699005947253,-0.02485,0.6,0.0356209666307033,0.1969725833790317,0.060470966630703296,0.1007849443845055
25,Newcastle,0.1842,0.6,0.06192234721719041,0.19467597333315384,-0.1222776527828096,-0.20379608797134932,-0.07285,0.6,-0.0913436599093734,0.2045960064105557,-0.018493659909373406,-0.030822766515622345
25,Nottm Forest,-0.025799999999999993,0.6,-0.16858965873218235,0.2156885595031745,-0.14278965873218236,-0.23798276455363726,-0.03584999999999999,0.6,0.012664259550957752,0.2029256568840457,0.04851425955095774,0.08085709925159625
25,Sunderland,-0.5758000000000001,0.8,-0.3511535282093819,0.24357328454267396,0.2246464717906182,0.2808080897382727,0.24115,0.8,-0.0010970190488997869,0.20051565763275345,-0.24224701904889978,-0.3028087738111247
25,Tottenham,0.09820000000000001,0.6,-0.03646839349641129,0.20057144532625848,-0.1346683934964113,-0.22444732249401883,0.17315,0.6,0.0928404391874816,0.19163538395454024,-0.0803095608125184,-0.133849268020864
25,West Ham,-0.1048,0.6,-0.15700282544346386,0.21691620715348092,-0.05220282544346386,-0.08700470907243976,0.11315,0.6,0.23312709768183285,0.17894883165805833,0.11997709768183284,0.1999618294697214
25,Wolves,-0.11679999999999999,0.6,-0.406446491672113,0.2331773141699556,-0.289646491672113,-0.482744152786855,0.14715,0.6,0.09933455360393131,0.18358873481484572,-0.04781544639606869,-0.07969241066011448
26,Arsenal,0.17520000000000002,0.6,0.27543865273264984,0.16659606817278863,0.10023865273264981,0.16706442122108303,-0.32985000000000003,0.6,-0.5735493487465196,0.2424888312534701,-0.2436993487465196,-0.4061655812441994
26,Aston Villa,0.09820000000000001,0.6,0.08011440298072706,0.18726437729039144,-0.018085597019272953,-0.030142661698788258,-0.07485,0.6,-0.026513769658449066,0.19418858042487402,0.048336230341550934,0.0805603839025849
26,Bournemouth,0.07720000000000002,0.6,0.15054780995151176,0.18198716258998987,0.07334780995151174,0.12224634991918625,0.009150000000000002,0.6,0.11880697459934537,0.18468321580168937,0.10965697459934537,0.1827616243322423
26,Brentford,0.05620000000000001,0.6,0.07780982542260002,0.18948013742491937,0.021609825422600017,0.036016375704333366,-0.04385,0.6,-0.06318658325100891,0.20323347323318822,-0.019336583251008913,-0.032227638751681525
26,Brighton,0.06020000000000001,0.6,0.039219769321472,0.20155756570000724,-0.020980230678528007,-0.034967051130880014,0.11715,0.6,-0.034767625744324154,0.19591252653736785,-0.15191762574432416,-0.25319604290720693
26,Burnley,-0.6238,0.8,-0.4262388114672898,0.24342521546308035,0.1975611885327102,0.24695148566588776,0.17315,0.8,0.3120819985659522,0.17213239694720703,0.1389319985659522,0.17366499820744025
26,Chelsea,0.1622,0.6,0.24668399273904382,0.17641496029929554,0.0844839927390438,0.14080665456507302,-0.15585000000000002,0.6,0.029063553464974197,0.19680113185356002,0.1849135534649742,0.30818925577495704
26,Crystal Palace,0.03420000000000001,0.6,-0.013524977819677104,0.20022979771981952,-0.04772497781967711,-0.07954162969946185,0.06215,0.6,-0.03028619482981692,0.19882923031998717,-0.09243619482981691,-0.15406032471636152
26,Everton,-0.1308,0.6,-0.13759465175372254,0.2099524825862297,-0.0067946517537225415,-0.01132441958953757,-0.07485,0.6,0.024780464143656693,0.19748889481470264,0.0996304641436567,0.16605077357276118
26,Fulham,-0.05279999999999999,0.6,-0.032100690312817835,0.21065713482737256,0.020699309687182157,0.034498849478636934,-0.0038499999999999975,0.6,0.06414434653068612,0.19100355689796517,0.06799434653068612,0.11332391088447687
26,Leeds,-0.1258,0.8,0.0673541319584599,0.19758167398389812,0.1931541319584599,0.24144266494807487,0.17315,0.8,0.0796162958712477,0.18820659647416602,-0.0935337041287523,-0.11691713016094037
26,Liverpool,0.5481999999999999,0.6,0.21447646068487472,0.17791200813004301,-0.3337235393151252,-0.5562058988585421,-0.21185,0.6,-0.14276074192439056,0.2041192340558677,0.06908925807560945,0.11514876345934909
26,Man City,0.2742,0.6,0.2912975909718979,0.17256679115136478,0.01709759097189789,0.028495984953163155,-0.18085,0.6,-0.15394871926310483,0.2062810672651281,0.026901280736895183,0.04483546789482531
26,Man United,-0.011799999999999995,0.6,0.25434790291729087,0.17970255556342607,0.26614790291729085,0.44357983819548474,-0.02485,0.6,0.010937804194807181,0.20221627322506333,0.035787804194807184,0.059646340324678644
26,Newcastle,0.1842,0.6,0.060634065916861234,0.19006320752414135,-0.12356593408313876,-0.20594322347189795,-0.07285,0.6,-0.08719735729163591,0.20527602160149797,-0.014347357291635915,-0.023912262152726526
26,Nottm Forest,-0.025799999999999993,0.6,-0.15560259175334826,0.21134674808500936,-0.12980259175334827,-0.21633765292224713,-0.03584999999999999,0.6,0.05620300039765062,0.1876903966110587,0.0920530003976506,0.15342166732941767
26,Sunderland,-0.5758000000000001,0.8,-0.36143561877768093,0.2330870775872418,0.21436438122231916,0.2679554765278989,0.24115,0.8,-0.0038048010877619162,0.20884979889210414,-0.2449548010877619,-0.30619350135970236
26,Tottenham,0.09820000000000001,0.6,-0.0548330044199311,0.19403344153360103,-0.15303300441993112,-0.2550550073665519,0.17315,0.6,0.08816435607949381,0.18625743215945778,-0.08498564392050618,-0.1416427398675103
26,West Ham,-0.1048,0.6,-0.17003735187361518,0.21071566251368687,-0.06523735187361518,-0.10872891978935864,0.11315,0.6,0.23095780467328955,0.17735718412567592,0.11780780467328955,0.19634634112214927
26,Wolves,-0.11679999999999999,0.6,-0.40655690741930633,0.23579072862392858,-0.2897569074193064,-0.48292817903217733,0.14715,0.6,0.10125854327590852,0.1832856179134886,-0.04589145672409148,-0.07648576120681913
27,Arsenal,0.17520000000000002,0.6,0.25952067577828153,0.17388793604605945,0.0843206757782815,0.14053445963046918,-0.32985000000000003,0.6,-0.5390810425933455,0.23476092545104854,-0.20923104259334552,-0.34871840432224255
27,Aston Villa,0.09820000000000001,0.6,0.06152158349051518,0.19107742806952246,-0.03667841650948483,-0.061130694182474715,-0.07485,0.6,-0.04774351886753355,0.19493200449202064,0.02710648113246645,0.04517746855411075
27,Bournemouth,0.07720000000000002,0.6,0.15258111674314725,0.18427964752202808,0.07538111674314724,0.12563519457191208,0.009150000000000002,0.6,0.1299603754941441,0.18303585478113335,0.1208103754941441,0.2013506258235735
27,Brentford,0.05620000000000001,0.6,0.0942522979047568,0.1866421727550877,0.03805229790475679,0.06342049650792798,-0.04385,0.6,-0.08068943111316275,0.1958255459444278,-0.03683943111316275,-0.06139905185527125
27,Brighton,0.06020000000000001,0.6,0.019438829320624854,0.18555476585540628,-0.04076117067937515,-0.06793528446562526,0.11715,0.6,-0.060029904839216684,0.19563329821533582,-0.1771799048392167,-0.29529984139869453
27,Burnley,-0.6238,0.8,-0.39806327073191594,0.2341213011519533,0.22573672926808408,0.2821709115851051,0.17315,0.8,0.3161767300461672,0.17107418787692258,0.1430267300461672,0.178783412557709
27,Chelsea,0.1622,0.6,0.2402367191730686,0.1733691661563172,0.07803671917306859,0.130061198621781,-0.15585000000000002,0.6,0.014052626795502836,0.19103380049918278,0.16990262679550286,0.2831710446591714
27,Crystal Palace,0.03420000000000001,0.6,-0.012954842207766798,0.19520937350420736,-0.047154842207766806,-0.07859140367961134,0.06215,0.6,-0.011648119361883168,0.19249888557426847,-0.07379811936188316,-0.1229968656031386
27,Everton,-0.1308,0.6,-0.12452920750546306,0.2030768242592324,0.0062707924945369364,0.010451320824228227,-0.07485,0.6,0.031276767760326514,0.19195597695137565,0.10612676776032651,0.17687794626721084
27,Fulham,-0.05279999999999999,0.6,-0.03566584037043293,0.19770205667516227,0.01713415962956706,0.028556932715945102,-0.0038499999999999975,0.6,0.06242998356257104,0.18310380601876297,0.06627998356257103,0.11046663927095172
27,Leeds,-0.1258,0.8,0.0533602539457738,0.19362331524377155,0.17916025394577378,0.22395031743221722,0.17315,0.8,0.08286281704760023,0.18783196964119248,-0.09028718295239976,-0.1128589786904997
27,Liverpool,0.5481999999999999,0.6,0.23090610241769785,0.17133450752695314,-0.3172938975823021,-0.5288231626371702,-0.21185,0.6,-0.15196609613473766,0.2099758281116163,0.05988390386526235,0.09980650644210393
27,Man City,0.2742,0.6,0.287954761400894,0.17288792186161103,0.013754761400893989,0.022924602334823317,-0.18085,0.6,-0.16031156398667348,0.20664898556402164,0.020538436013326528,0.03423072668887755
27,Man United,-0.011799999999999995,0.6,0.22234911721767192,0.17540050074059274,0.23414911721767193,0.39024852869611987,-0.02485,0.6,0.010557893062627393,0.19441899627341924,0.03540789306262739,0.05901315510437899
27,Newcastle,0.1842,0.6,0.08677221757479572,0.18190828916884358,-0.09742778242520428,-0.16237963737534047,-0.07285,0.6,-0.07984565731552278,0.19908173405457424,-0.006995657315522777,-0.011659428859204629
27,Nottm Forest,-0.025799999999999993,0.6,-0.13159941227233726,0.2054982666647348,-0.10579941227233727,-0.1763323537872288,-0.03584999999999999,0.6,0.0368591217572473,0.1911481414771051,0.0727091217572473,0.12118186959541216
27,Sunderland,-0.5758000000000001,0.8,-0.3697297783345379,0.22736202150018028,0.20607022166546218,0.25758777708182773,0.24115,0.8,0.013781230216612608,0.19671773843679935,-0.22736876978338738,-0.2842109622292342
27,Tottenham,0.09820000000000001,0.6,-0.04326221849027304,0.19636048739497558,-0.14146221849027305,-0.23577036415045508,0.17315,0.6,0.10961385431829257,0.18225091813953684,-0.06353614568170743,-0.10589357613617906
27,West Ham,-0.1048,0.6,-0.17035377792346235,0.2049487162506372,-0.06555377792346234,-0.1092562965391039,0.11315,0.6,0.2052161713628542,0.17134595377800646,0.0920661713628542,0.15344361893809033
27,Wolves,-0.11679999999999999,0.6,-0.4227353271310382,0.2348595259439735,-0.3059353271310382,-0.5098922118850637,0.14715,0.6,0.11852776278812954,0.17361361451371093,-0.02862223721187046,-0.04770372868645077
28,Arsenal,0.17520000000000002,0.6,0.2586013683003907,0.16340884140662093,0.08340136830039069,0.13900228050065117,-0.32985000000000003,0.6,-0.5322294526257296,0.23692062590244808,-0.2023794526257296,-0.33729908770954936
28,Aston Villa,0.09820000000000001,0.6,0.05754800503176603,0.18979137977326424,-0.04065199496823398,-0.06775332494705665,-0.07485,0.6,-0.04974175029799586,0.1911873041542005,0.02510824970200414,0.04184708283667357
28,Bournemouth,0.07720000000000002,0.6,0.16008599844827057,0.17919330463883418,0.08288599844827055,0.1381433307471176,0.009150000000000002,0.6,0.12836402006985778,0.18350849225380575,0.11921402006985778,0.19869003344976296
28,Brentford,0.05620000000000001,0.6,0.09411356271990809,0.1811719903469788,0.03791356271990808,0.06318927119984681,-0.04385,0.6,-0.08440868021744308,0.20323658423618327,-0.04055868021744308,-0.06759780036240513
28,Brighton,0.06020000000000001,0.6,0.02069742986861511,0.18908269587100085,-0.039502570131384904,-0.0658376168856415,0.11715,0.6,-0.052246765364405166,0.19584107440687173,-0.16939676536440518,-0.28232794227400865
28,Burnley,-0.6238,0.8,-0.3953820665015879,0.23345469575908265,0.2284179334984121,0.2855224168730151,0.17315,0.8,0.31025130379373833,0.17457890580191124,0.13710130379373833,0.1713766297421729
28,Chelsea,0.1622,0.6,0.24291086882160295,0.17660691949475166,0.08071086882160294,0.13451811470267158,-0.15585000000000002,0.6,0.013589620529297852,0.19325764693576347,0.16943962052929787,0.28239936754882977
28,Crystal Palace,0.03420000000000001,0.6,-0.007140485514485895,0.19127681351631456,-0.0413404855144859,-0.06890080919080983,0.06215,0.6,-0.012562244816625203,0.19849049205195643,-0.0747122448166252,-0.12452040802770867
28,Everton,-0.1308,0.6,-0.12664243909384837,0.20130920842554523,0.0041575609061516305,0.006929268176919384,-0.07485,0.6,0.03229310074239644,0.18408016956237766,0.10714310074239644,0.17857183457066075
28,Fulham,-0.05279999999999999,0.6,-0.035757141906865096,0.19873070183646457,0.017042858093134897,0.028404763488558162,-0.0038499999999999975,0.6,0.059667692213769684,0.17748032670135713,0.06351769221376968,0.1058628203562828
28,Leeds,-0.1258,0.8,0.04886994971329312,0.19681607729868694,0.1746699497132931,0.21833743714161638,0.17315,0.8,0.07891532264424561,0.1935032543632601,-0.09423467735575439,-0.11779334669469298
28,Liverpool,0.5481999999999999,0.6,0.22399330716802412,0.17596570267001818,-0.3242066928319758,-0.540344488053293,-0.21185,0.6,-0.15183143453495831,0.20823316631893166,0.060018565465041696,0.10003094244173616
28,Man City,0.2742,0.6,0.28512818247196164,0.168929086928879,0.010928182471961645,0.01821363745326941,-0.18085,0.6,-0.15290479619532826,0.20223699253593566,0.027945203804671748,0.04657533967445292
28,Man United,-0.011799999999999995,0.6,0.2213721947167669,0.17064942586033496,0.2331721947167669,0.3886203245279448,-0.02485,0.6,0.007931157418758834,0.19595948592772683,0.03278115741875884,0.054635262364598064
28,Newcastle,0.1842,0.6,0.08758534308281239,0.185997687400712,-0.09661465691718761,-0.16102442819531268,-0.07285,0.6,-0.0716570272520267,0.1958105432231026,0.0011929727479732949,0.001988287913288825
28,Nottm Forest,-0.025799999999999993,0.6,-0.13188278576045068,0.2064243671037838,-0.10608278576045069,-0.1768046429340845,-0.03584999999999999,0.6,0.03218780509213001,0.1931414504605486,0.06803780509213,0.11339634182021668
28,Sunderland,-0.5758000000000001,0.8,-0.37884862694378774,0.23325869665766988,0.19695137305621235,0.24618921632026544,0.24115,0.8,0.016868366862276878,0.19136384709470664,-0.22428163313772312,-0.28035204142215386
28,Tottenham,0.09820000000000001,0.6,-0.039912839637774526,0.1915696286514662,-0.13811283963777454,-0.23018806606295758,0.17315,0.6,0.10603747237720629,0.1820622525088777,-0.06711252762279371,-0.11185421270465619
28,West Ham,-0.1048,0.6,-0.17157425615166214,0.20293602000564506,-0.06677425615166213,-0.11129042691943689,0.11315,0.6,0.20277359762400227,0.17684448071435643,0.08962359762400227,0.14937266270667046
28,Wolves,-0.11679999999999999,0.6,-0.4137655688329494,0.22644154912701883,-0.29696556883294944,-0.4949426147215824,0.14715,0.6,0.11870269193683217,0.17454498600049378,-0.028447308063167837,-0.04741218010527973
29,Arsenal,0.17520000000000002,0.6,0.2783498690311975,0.16595666063669964,0.1031498690311975,0.17191644838532916,-0.32985000000000003,0.6,-0.5095137732137535,0.22333654344592238,-0.17966377321375343,-0.2994396220229224
29,Aston Villa,0.09820000000000001,0.6,0.058520050514219664,0.18399529419739016,-0.039679949485780346,-0.06613324914296724,-0.07485,0.6,-0.047420688858634034,0.19234922796804735,0.027429311141365965,0.04571551856894328
29,Bournemouth,0.07720000000000002,0.6,0.12806991273539092,0.17638812967828718,0.050869912735390904,0.08478318789231817,0.009150000000000002,0.6,0.15726922593461923,0.17784479173048856,0.14811922593461924,0.24686537655769875
29,Brentford,0.05620000000000001,0.6,0.08449186482155929,0.1815161319322359,0.028291864821559286,0.047153108035932145,-0.04385,0.6,-0.07207381235328476,0.18768002059250682,-0.028223812353284763,-0.04703968725547461
29,Brighton,0.06020000000000001,0.6,0.026342237431244152,0.18691295700346378,-0.03385776256875586,-0.056429604281259774,0.11715,0.6,-0.062046820368971835,0.19252729610394473,-0.17919682036897183,-0.29866136728161974
29,Burnley,-0.6238,0.8,-0.3861872142341334,0.2316712577833507,0.23761278576586664,0.2970159822073333,0.17315,0.8,0.2988681942343106,0.16795420947694062,0.1257181942343106,0.15714774279288823
29,Chelsea,0.1622,0.6,0.2289404681540948,0.16934351897672562,0.06674046815409479,0.11123411359015799,-0.15585000000000002,0.6,0.014446443825272628,0.18390393567486032,0.17029644382527265,0.28382740637545445
29,Crystal Palace,0.03420000000000001,0.6,-0.004724521524168354,0.18594509558670969,-0.038924521524168365,-0.06487420254028062,0.06215,0.6,-0.010281804490357085,0.19732159607728234,-0.07243180449035708,-0.12071967415059513
29,Everton,-0.1308,0.6,-0.148560218898512,0.19940060518143882,-0.01776021889851201,-0.02960036483085335,-0.07485,0.6,0.029575885932259554,0.1874115349943757,0.10442588593225956,0.1740431432204326
29,Fulham,-0.05279999999999999,0.6,-0.026989117602115673,0.19529390840625363,0.02581088239788432,0.0430181373298072,-0.0038499999999999975,0.6,0.05460636059695366,0.18587756295048036,0.05845636059695366,0.09742726766158943
29,Leeds,-0.1258,0.8,0.05641417800207225,0.1816569625797763,0.18221417800207224,0.22776772250259028,0.17315,0.8,0.07953036485371484,0.18173913095876978,-0.09361963514628516,-0.11702454393285644
29,Liverpool,0.5481999999999999,0.6,0.22696441962743769,0.17134305057598034,-0.3212355803725622,-0.5353926339542704,-0.21185,0.6,-0.15961863383854416,0.2007400346293524,0.05223136616145585,0.08705227693575976
29,Man City,0.2742,0.6,0.2899504471418023,0.16876517499863158,0.015750447141802293,0.026250745236337157,-0.18085,0.6,-0.16538510750807017,0.2063421909309677,0.015464892491929838,0.025774820819883065
29,Man United,-0.011799999999999995,0.6,0.21745252464358886,0.17210649304078532,0.22925252464358886,0.38208754107264814,-0.02485,0.6,-0.009513995834545878,0.18873360209645865,0.015336004165454123,0.025560006942423538
29,Newcastle,0.1842,0.6,0.08171270497107061,0.18568837556125306,-0.10248729502892939,-0.170812158381549,-0.07285,0.6,-0.07474224977257608,0.19391511160736954,-0.001892249772576085,-0.0031537496209601418
29,Nottm Forest,-0.025799999999999993,0.6,-0.13991605024270554,0.20087960564010052,-0.11411605024270555,-0.19019341707117593,-0.03584999999999999,0.6,0.03717071522282193,0.1870903244083992,0.07302071522282191,0.12170119203803653
29,Sunderland,-0.5758000000000001,0.8,-0.38540451565356404,0.22567945655316865,0.19039548434643605,0.23799435543304506,0.24115,0.8,0.017271301161963827,0.188249492298719,-0.22387869883803618,-0.2798483735475452
29,Tottenham,0.09820000000000001,0.6,-0.03849290391929666,0.18961763439324456,-0.13669290391929667,-0.22782150653216113,0.17315,0.6,0.1301324631608885,0.17854429544877884,-0.0430175368391115,-0.0716958947318525
29,West Ham,-0.1048,0.6,-0.13199277956848332,0.19866260275769093,-0.027192779568483316,-0.04532129928080553,0.11315,0.6,0.17204394118903316,0.1722088643799657,0.058893941189033155,0.09815656864838859
29,Wolves,-0.11679999999999999,0.6,-0.4149413554306991,0.22266642897076308,-0.2981413554306991,-0.49690225905116514,0.14715,0.6,0.11968199012689962,0.1761351681746941,-0.027468009873100385,-0.04578001645516731
30,Arsenal,0.17520000000000002,0.6,0.26782311759845584,0.1684900066818379,0.09262311759845582,0.15437186266409303,-0.32985000000000003,0.6,-0.5167241490568892,0.22489855377371284,-0.1868741490568892,-0.3114569150948154
30,Aston Villa,0.09820000000000001,0.6,0.034012328872889026,0.17778090491059123,-0.06418767112711099,-0.10697945187851832,-0.07485,0.6,-0.04178853339275943,0.18779300160126994,0.03306146660724057,0.05510244434540095
30,Bournemouth,0.07720000000000002,0.6,0.12130975406363316,0.17548328117158407,0.04410975406363314,0.0735162567727219,0.009150000000000002,0.6,0.15709949204050427,0.17239984394937682,0.14794949204050428,0.24658248673417382
30,Brentford,0.05620000000000001,0.6,0.10846846076777866,0.1836967256428805,0.052268460767778656,0.0871141012796311,-0.04385,0.6,-0.05394525313603476,0.18948255260516897,-0.010095253136034758,-0.016825421893391264
30,Brighton,0.06020000000000001,0.6,0.02204016561778027,0.18144261704258455,-0.038159834382219746,-0.06359972397036624,0.11715,0.6,-0.07154573131934923,0.19132444860297237,-0.18869573131934925,-0.31449288553224874
30,Burnley,-0.6238,0.8,-0.36336385046151476,0.22129527279583255,0.26043614953848526,0.3255451869231066,0.17315,0.8,0.3166980235620553,0.15696498129519273,0.1435480235620553,0.1794350294525691
30,Chelsea,0.1622,0.6,0.22491497495813095,0.1659102493574184,0.06271497495813094,0.10452495826355157,-0.15585000000000002,0.6,0.00340288540870373,0.18544509162221773,0.15925288540870375,0.2654214756811729
30,Crystal Palace,0.03420000000000001,0.6,-0.022038722954985344,0.18139976624510057,-0.05623872295498535,-0.0937312049249756,0.06215,0.6,-0.02366152670287051,0.18159777042331682,-0.08581152670287051,-0.14301921117145086
30,Everton,-0.1308,0.6,-0.1166976718359881,0.19460839927829415,0.014102328164011899,0.023503880273353164,-0.07485,0.6,0.013993808344510993,0.18099111076277807,0.088843808344511,0.14807301390751834
30,Fulham,-0.05279999999999999,0.6,-0.014399566820487538,0.1878089894422582,0.03840043317951246,0.0640007219658541,-0.0038499999999999975,0.6,0.04355435839626205,0.1825490122702717,0.04740435839626205,0.07900726399377009
30,Leeds,-0.1258,0.8,0.04871668071939065,0.18886769380999108,0.17451668071939064,0.2181458508992383,0.17315,0.8,0.07685830912623204,0.18432277605654912,-0.09629169087376796,-0.12036461359220994
30,Liverpool,0.5481999999999999,0.6,0.23650832152281862,0.1640787345776298,-0.31169167847718127,-0.5194861307953021,-0.21185,0.6,-0.12622687165218763,0.1971569553897191,0.08562312834781238,0.14270521391302066
30,Man City,0.2742,0.6,0.28331662385243994,0.16136063740661638,0.009116623852439942,0.015194373087399904,-0.18085,0.6,-0.16995260354003885,0.20067348631723586,0.010897396459961156,0.018162327433268594
30,Man United,-0.011799999999999995,0.6,0.2046632433067569,0.1665048992482966,0.2164632433067569,0.36077207217792817,-0.02485,0.6,-0.02973951981453036,0.18963116341818623,-0.004889519814530358,-0.008149199690883931
30,Newcastle,0.1842,0.6,0.06428916843959505,0.1721779376669607,-0.11991083156040495,-0.19985138593400825,-0.07285,0.6,-0.042737146752896825,0.189231127228536,0.030112853247103173,0.05018808874517196
30,Nottm Forest,-0.025799999999999993,0.6,-0.15082993317616866,0.2016646639292053,-0.12502993317616867,-0.20838322196028114,-0.03584999999999999,0.6,0.028907866756973963,0.184806819695596,0.06475786675697395,0.10792977792828992
30,Sunderland,-0.5758000000000001,0.8,-0.3791756838628205,0.22578480874316456,0.19662431613717957,0.24578039517147446,0.24115,0.8,0.007754342847829255,0.18547895027322067,-0.23339565715217075,-0.29174457144021343
30,Tottenham,0.09820000000000001,0.6,-0.0547452300604198,0.18913295107422204,-0.15294523006041982,-0.2549087167673664,0.17315,0.6,0.14031958760009033,0.17079430954430289,-0.032830412399909664,-0.05471735399984944
30,West Ham,-0.1048,0.6,-0.10852381576492172,0.18693716023700532,-0.0037238157649217146,-0.006206359608202858,0.11315,0.6,0.18665861741386025,0.17117738394945622,0.07350861741386025,0.12251436235643376
30,Wolves,-0.11679999999999999,0.6,-0.40628836478236263,0.21428862294891873,-0.2894883647823626,-0.4824806079706044,0.14715,0.6,0.10107404387053474,0.17034295925097806,-0.04607595612946526,-0.07679326021577544
31,Arsenal,0.17520000000000002,0.6,0.25383215795270525,0.16047317851034343,0.07863215795270523,0.13105359658784205,-0.32985000000000003,0.6,-0.5172651845389404,0.2183461749240448,-0.1874151845389404,-0.312358640898234
31,Aston Villa,0.09820000000000001,0.6,0.033614220867818574,0.1831452130305038,-0.06458577913218144,-0.10764296522030241,-0.07485,0.6,0.023978912932691283,0.182090870515964,0.09882891293269128,0.1647148548878188
31,Bournemouth,0.07720000000000002,0.6,0.11871231749916364,0.17660027409657217,0.04151231749916362,0.06918719583193937,0.009150000000000002,0.6,0.13359217985042768,0.17077233637327482,0.12444217985042767,0.20740363308404614
31,Brentford,0.05620000000000001,0.6,0.07859857430523562,0.18196452662313667,0.022398574305235612,0.03733095717539269,-0.04385,0.6,-0.05410305478258432,0.1903140029627949,-0.010253054782584321,-0.017088424637640535
31,Brighton,0.06020000000000001,0.6,0.017497699247067715,0.18008814686424932,-0.0427023007529323,-0.07117050125488716,0.11715,0.6,-0.09345257418566856,0.1936599384249042,-0.21060257418566858,-0.35100429030944763
31,Burnley,-0.6238,0.8,-0.3671285481513932,0.2179860041849754,0.25667145184860685,0.32083931481075856,0.17315,0.8,0.31776848617912706,0.1556654927447884,0.14461848617912706,0.1807731077239088
31,Chelsea,0.1622,0.6,0.2819854596442033,0.15696936139238835,0.11978545964420328,0.19964243274033883,-0.15585000000000002,0.6,-0.004497751741279761,0.18402421348987197,0.15135224825872026,0.25225374709786713
31,Crystal Palace,0.03420000000000001,0.6,-0.03029866301979334,0.18418408341719952,-0.06449866301979335,-0.10749777169965558,0.06215,0.6,-0.022250506912047066,0.18207781314702717,-0.08440050691204706,-0.14066751152007845
31,Everton,-0.1308,0.6,-0.11403887689738763,0.18379923238589888,0.016761123102612366,0.027935205171020612,-0.07485,0.6,0.009578955300975866,0.1812324367250239,0.08442895530097587,0.14071492550162645
31,Fulham,-0.05279999999999999,0.6,-0.03465990347006186,0.18126432064812834,0.01814009652993813,0.03023349421656355,-0.0038499999999999975,0.6,0.04263565262104781,0.17190436820237767,0.04648565262104781,0.07747608770174635
31,Leeds,-0.1258,0.8,0.031071970070325583,0.18131007792063936,0.15687197007032558,0.19608996258790695,0.17315,0.8,0.05696646170008437,0.1807942035914373,-0.11618353829991562,-0.14522942287489451
31,Liverpool,0.5481999999999999,0.6,0.2451060883978063,0.16100488360294582,-0.3030939116021936,-0.5051565193369894,-0.21185,0.6,-0.11914775153727453,0.18734231367070234,0.09270224846272548,0.15450374743787582
31,Man City,0.2742,0.6,0.29711002393558716,0.15665940185794583,0.022910023935587165,0.03818337322597861,-0.18085,0.6,-0.15613079950911482,0.19363822703404257,0.02471920049088519,0.04119866748480865
31,Man United,-0.011799999999999995,0.6,0.21039988756049724,0.16946961507301717,0.22219988756049724,0.3703331459341621,-0.02485,0.6,-0.022604879623067623,0.18143560937710002,0.0022451203769323774,0.003741867294887296
31,Newcastle,0.1842,0.6,0.0757377869724987,0.1746177866148311,-0.10846221302750131,-0.18077035504583552,-0.07285,0.6,-0.03794211668736373,0.18178461295140563,0.034907883312636265,0.058179805521060446
31,Nottm Forest,-0.025799999999999993,0.6,-0.13270608374945755,0.1981981516075042,-0.10690608374945756,-0.17817680624909596,-0.03584999999999999,0.6,0.0473136969744702,0.1776006734926588,0.0831636969744702,0.13860616162411699
31,Sunderland,-0.5758000000000001,0.8,-0.40684825513492034,0.22491246883079088,0.16895174486507974,0.21118968108134967,0.24115,0.8,-0.003394866870164846,0.18508041453813676,-0.24454486687016486,-0.30568108358770607
31,Tottenham,0.09820000000000001,0.6,-0.04770269106930329,0.18975711571284368,-0.14590269106930331,-0.2431711517821722,0.17315,0.6,0.135112399854731,0.1698961147797388,-0.038037600145268996,-0.063396000242115
31,West Ham,-0.1048,0.6,-0.10947410156512521,0.19032846631463446,-0.0046741015651252105,-0.007790169275208684,0.11315,0.6,0.1648639597957001,0.1676357580453255,0.05171395979570009,0.08618993299283349
31,Wolves,-0.11679999999999999,0.6,-0.4008090633954666,0.2174455197705685,-0.2840090633954666,-0.4733484389924444,0.14715,0.6,0.09897878117825036,0.1642548788477386,-0.04817121882174964,-0.08028536470291607
32,Arsenal,0.17520000000000002,0.6,0.2670265599003764,0.15554554903683798,0.09182655990037636,0.15304426650062727,-0.32985000000000003,0.6,-0.504940283730129,0.21466714243399868,-0.17509028373012897,-0.291817139550215
32,Aston Villa,0.09820000000000001,0.6,0.027858678773074463,0.179845774245519,-0.07034132122692555,-0.11723553537820924,-0.07485,0.6,0.02285302885853884,0.17391269203301854,0.09770302885853885,0.1628383814308981
32,Bournemouth,0.07720000000000002,0.6,0.11458124859336885,0.16860074050845034,0.03738124859336883,0.06230208098894806,0.009150000000000002,0.6,0.12989161829801027,0.17454297096216045,0.12074161829801026,0.2012360304966838
32,Brentford,0.05620000000000001,0.6,0.10810695718545338,0.16782908297257923,0.05190695718545337,0.08651159530908896,-0.04385,0.6,-0.030620872821126903,0.18773794992342713,0.013229127178873097,0.02204854529812183
32,Brighton,0.06020000000000001,0.6,0.03097400857198535,0.1759863335204723,-0.02922599142801466,-0.04870998571335777,0.11715,0.6,-0.09496657637431424,0.1840939489969931,-0.21211657637431425,-0.3535276272905238
32,Burnley,-0.6238,0.8,-0.3769876183929993,0.2169051912678688,0.2468123816070007,0.30851547700875087,0.17315,0.8,0.3136921215166778,0.1575918697363771,0.1405421215166778,0.17567765189584725
32,Chelsea,0.1622,0.6,0.2711487764163134,0.16110120495368724,0.1089487764163134,0.181581294027189,-0.15585000000000002,0.6,-0.0018032101859385321,0.18047025275321066,0.15404678981406147,0.25674464969010247
32,Crystal Palace,0.03420000000000001,0.6,-0.051558447200652884,0.1781471415742749,-0.0857584472006529,-0.14293074533442152,0.06215,0.6,-0.05021152615530376,0.1862031843710768,-0.11236152615530376,-0.1872692102588396
32,Everton,-0.1308,0.6,-0.10912725455084027,0.18640860762497868,0.02167274544915973,0.03612124241526622,-0.07485,0.6,0.029318014178795024,0.18012148194231922,0.10416801417879502,0.17361335696465838
32,Fulham,-0.05279999999999999,0.6,-0.04625308064855215,0.18374827846141933,0.006546919351447841,0.01091153225241307,-0.0038499999999999975,0.6,0.03379906853462076,0.17674516205052054,0.03764906853462076,0.06274844755770127
32,Leeds,-0.1258,0.8,0.005039217679348545,0.1862360173848584,0.13083921767934853,0.16354902209918565,0.17315,0.8,0.0343169499924991,0.17868727477531807,-0.1388330500075009,-0.17354131250937613
32,Liverpool,0.5481999999999999,0.6,0.24082540056299082,0.16015491533595663,-0.30737459943700907,-0.5122909990616819,-0.21185,0.6,-0.11221798245601163,0.18565657319384682,0.09963201754398839,0.166053362573314
32,Man City,0.2742,0.6,0.2967560734804063,0.15724287790020272,0.02255607348040628,0.037593455800677134,-0.18085,0.6,-0.16478554639514745,0.19115768642970532,0.016064453604852563,0.02677408934142094
32,Man United,-0.011799999999999995,0.6,0.2112925092683024,0.16276002451948945,0.2230925092683024,0.37182084878050403,-0.02485,0.6,-0.020576612474363012,0.18211206131225324,0.004273387525636989,0.007122312542728315
32,Newcastle,0.1842,0.6,0.07995798229176986,0.1796125930595021,-0.10424201770823015,-0.1737366961803836,-0.07285,0.6,-0.06056257453131908,0.1817568944856028,0.012287425468680918,0.02047904244780153
32,Nottm Forest,-0.025799999999999993,0.6,-0.149743349415652,0.19299584510835774,-0.12394334941565202,-0.2065722490260867,-0.03584999999999999,0.6,0.03322164432674224,0.17230648385700967,0.06907164432674223,0.11511940721123706
32,Sunderland,-0.5758000000000001,0.8,-0.4017264477918222,0.21217435013161925,0.17407355220817788,0.21759194026022236,0.24115,0.8,0.012380840885711652,0.17180384015986394,-0.22876915911428836,-0.2859614488928604
32,Tottenham,0.09820000000000001,0.6,-0.03563369193468877,0.18950224478074937,-0.13383369193468878,-0.2230561532244813,0.17315,0.6,0.12951923040660554,0.16391671330897165,-0.04363076959339446,-0.0727179493223241
32,West Ham,-0.1048,0.6,-0.1161628193981051,0.18828490566939815,-0.0113628193981051,-0.01893803233017517,0.11315,0.6,0.17159895833909017,0.16051374489750142,0.05844895833909017,0.09741493056515028
32,Wolves,-0.11679999999999999,0.6,-0.366374703390077,0.20598035386971036,-0.249574703390077,-0.41595783898346167,0.14715,0.6,0.13009370978636217,0.16434178174530664,-0.01705629021363783,-0.028427150356063052
33,Arsenal,0.17520000000000002,0.6,0.26606040131482495,0.1553027024507559,0.09086040131482492,0.15143400219137487,-0.32985000000000003,0.6,-0.5126055767789667,0.2200450092281789,-0.18275557677896664,-0.3045926279649444
33,Aston Villa,0.09820000000000001,0.6,0.03490466536032184,0.1730957124679489,-0.06329533463967817,-0.10549222439946361,-0.07485,0.6,0.0195896760190072,0.1703311619239408,0.0944396760190072,0.15739946003167868
33,Bournemouth,0.07720000000000002,0.6,0.0986102250829079,0.16513972144187017,0.02141022508290788,0.035683708471513136,0.009150000000000002,0.6,0.11445541545550413,0.16171074196015348,0.10530541545550412,0.17550902575917354
33,Brentford,0.05620000000000001,0.6,0.08324182112685219,0.16368958142272141,0.027041821126852182,0.045069701878086975,-0.04385,0.6,-0.05234821519337444,0.18187259944051035,-0.008498215193374438,-0.014163691988957398
33,Brighton,0.06020000000000001,0.6,0.053702575507953224,0.16862677590254566,-0.006497424492046787,-0.01082904082007798,0.11715,0.6,-0.10465894296587495,0.18091775423799344,-0.22180894296587494,-0.3696815716097916
33,Burnley,-0.6238,0.8,-0.35619723240182644,0.21198091476271533,0.2676027675981736,0.334503459497717,0.17315,0.8,0.3313648631670127,0.1542241622810936,0.1582148631670127,0.19776857895876584
33,Chelsea,0.1622,0.6,0.2500850340838847,0.15465917228037576,0.0878850340838847,0.14647505680647452,-0.15585000000000002,0.6,0.004599716210985999,0.18755077689054864,0.16044971621098603,0.2674161936849767
33,Crystal Palace,0.03420000000000001,0.6,-0.05287711642568396,0.17825154914870522,-0.08707711642568397,-0.14512852737613996,0.06215,0.6,-0.0464692175777772,0.18035239862805794,-0.1086192175777772,-0.18103202929629536
33,Everton,-0.1308,0.6,-0.10259112232688772,0.18074009921511358,0.02820887767311228,0.0470147961218538,-0.07485,0.6,0.009256118078532641,0.17655683296696248,0.08410611807853265,0.1401768634642211
33,Fulham,-0.05279999999999999,0.6,-0.033036438407437106,0.17707155786186513,0.019763561592562887,0.032939269320938144,-0.0038499999999999975,0.6,0.038350090294906554,0.17637323645277717,0.04220009029490655,0.07033348382484426
33,Leeds,-0.1258,0.8,-0.016569265115088768,0.18105733560493473,0.10923073488491122,0.13653841860613902,0.17315,0.8,0.01170969853507207,0.174693210745319,-0.16144030146492794,-0.20180037683115992
33,Liverpool,0.5481999999999999,0.6,0.22542218985534784,0.153236131814694,-0.32277781014465207,-0.5379630169077535,-0.21185,0.6,-0.08694754599156852,0.18379452649412736,0.12490245400843149,0.20817075668071916
33,Man City,0.2742,0.6,0.29624599999608403,0.15055664178203657,0.02204599999608403,0.036743333326806724,-0.18085,0.6,-0.16278992822673813,0.19269566300092442,0.018060071773261882,0.030100119622103138
33,Man United,-0.011799999999999995,0.6,0.19628284283103842,0.15895045458165807,0.20808284283103842,0.34680473805173073,-0.02485,0.6,-0.040322582903758016,0.17845548109017564,-0.015472582903758015,-0.025787638172930026
33,Newcastle,0.1842,0.6,0.07210494701727871,0.16482224523557726,-0.1120950529827213,-0.1868250883045355,-0.07285,0.6,-0.010460927631859513,0.17077239484170462,0.06238907236814049,0.10398178728023415
33,Nottm Forest,-0.025799999999999993,0.6,-0.12430098690356514,0.18506710408694227,-0.09850098690356515,-0.16416831150594194,-0.03584999999999999,0.6,0.024808297775898772,0.16928956334124073,0.06065829777589876,0.10109716295983127
33,Sunderland,-0.5758000000000001,0.8,-0.3441813515039287,0.20979141381897753,0.2316186484960714,0.28952331062008924,0.24115,0.8,0.007725039681196581,0.17921277492537563,-0.23342496031880342,-0.29178120039850425
33,Tottenham,0.09820000000000001,0.6,-0.05178378963687045,0.18045822150344473,-0.14998378963687045,-0.24997298272811744,0.17315,0.6,0.149199590506218,0.15907134736298656,-0.023950409493781993,-0.03991734915630332
33,West Ham,-0.1048,0.6,-0.1343686560561811,0.18307208309994186,-0.029568656056181086,-0.04928109342696848,0.11315,0.6,0.17275930128909486,0.1637447221802432,0.05960930128909486,0.09934883548182477
33,Wolves,-0.11679999999999999,0.6,-0.36075474339902447,0.20130771147084492,-0.24395474339902448,-0.4065912389983741,0.14715,0.6,0.13278513025648805,0.1609919193202426,-0.014364869743511949,-0.023941449572519917
34,Arsenal,0.17520000000000002,0.6,0.24750361962647385,0.15605319626226677,0.07230361962647383,0.12050603271078972,-0.32985000000000003,0.6,-0.490485330309549,0.2190041971775363,-0.16063533030954896,-0.26772555051591496
34,Aston Villa,0.09820000000000001,0.6,0.020678648042823013,0.1775179991868455,-0.07752135195717699,-0.12920225326196166,-0.07485,0.6,0.01056698585249661,0.1671459987237458,0.08541698585249662,0.14236164308749436
34,Bournemouth,0.07720000000000002,0.6,0.10579441338483991,0.16580971877415537,0.028594413384839895,0.04765735564139983,0.009150000000000002,0.6,0.08880768300016204,0.16321978132715262,0.07965768300016203,0.13276280500027005
34,Brentford,0.05620000000000001,0.6,0.08182330067546194,0.16557898426472084,0.02562330067546193,0.04270550112576989,-0.04385,0.6,-0.030974482367392392,0.17600382324322397,0.012875517632607608,0.021459196054346014
34,Brighton,0.06020000000000001,0.6,0.061629278801986515,0.16964967106863005,0.001429278801986504,0.0023821313366441735,0.11715,0.6,-0.1133736267431457,0.18736596150462792,-0.2305236267431457,-0.3842060445719095
34,Burnley,-0.6238,0.8,-0.3679134851489033,0.19956619792162386,0.2558865148510967,0.3198581435638709,0.17315,0.8,0.32763599778202124,0.14666957907656833,0.15448599778202124,0.19310749722752654
34,Chelsea,0.1622,0.6,0.2350965633014448,0.15268352371609464,0.07289656330144478,0.12149427216907464,-0.15585000000000002,0.6,0.033195954197475945,0.17351880808514036,0.18904595419747597,0.3150765903291266
34,Crystal Palace,0.03420000000000001,0.6,-0.042884247810714496,0.1744079904416575,-0.0770842478107145,-0.12847374635119085,0.06215,0.6,-0.05517422786176034,0.1815135917051926,-0.11732422786176033,-0.19554037976960056
34,Everton,-0.1308,0.6,-0.08413383864902554,0.17556255495592057,0.046666161350974456,0.07777693558495744,-0.07485,0.6,0.01633114351210795,0.16395620002432817,0.09118114351210795,0.15196857252017992
34,Fulham,-0.05279999999999999,0.6,-0.04668786254447231,0.17740434978566344,0.006112137455527682,0.010186895759212803,-0.0038499999999999975,0.6,0.03699571316573979,0.16659964387711063,0.04084571316573979,0.06807618860956632
34,Leeds,-0.1258,0.8,0.018949218557951276,0.17383016085651912,0.14474921855795128,0.18093652319743908,0.17315,0.8,-0.0010862969779587483,0.16771640994243073,-0.17423629697795875,-0.21779537122244844
34,Liverpool,0.5481999999999999,0.6,0.22444393657492148,0.1580027153805523,-0.32375606342507846,-0.5395934390417975,-0.21185,0.6,-0.10121783812136043,0.1823657604113758,0.11063216187863958,0.18438693646439933
34,Man City,0.2742,0.6,0.31277444952605415,0.15102514236192904,0.038574449526054155,0.06429074921009026,-0.18085,0.6,-0.18228151128025563,0.18709064039172657,-0.0014315112802556207,-0.002385852133759368
34,Man United,-0.011799999999999995,0.6,0.18336487726335246,0.15628294146236227,0.19516487726335247,0.3252747954389208,-0.02485,0.6,-0.009693070928899547,0.1790292362507266,0.015156929071100453,0.02526154845183409
34,Newcastle,0.1842,0.6,0.064286131389978,0.16547699064112792,-0.119913868610022,-0.19985644768337,-0.07285,0.6,-0.004633989851978635,0.17236382079942614,0.06821601014802137,0.11369335024670228
34,Nottm Forest,-0.025799999999999993,0.6,-0.13137404363606545,0.18199385792640702,-0.10557404363606546,-0.17595673939344245,-0.03584999999999999,0.6,0.016980226610315213,0.16447783356609752,0.05283022661031521,0.08805037768385869
34,Sunderland,-0.5758000000000001,0.8,-0.3433418253194416,0.2059423182804094,0.23245817468055852,0.29057271835069814,0.24115,0.8,-0.005348465874522364,0.1714321976864635,-0.24649846587452237,-0.30812308234315294
34,Tottenham,0.09820000000000001,0.6,-0.06585820084181837,0.17867578333342987,-0.16405820084181838,-0.27343033473636397,0.17315,0.6,0.14435684148530253,0.16063109559289884,-0.028793158514697464,-0.047988597524495774
34,West Ham,-0.1048,0.6,-0.08841942863050778,0.18049112580959784,0.016380571369492225,0.027300952282487044,0.11315,0.6,0.16053543547495425,0.16227132938659197,0.047385435474954246,0.07897572579159041
34,Wolves,-0.11679999999999999,0.6,-0.3857315045643387,0.20746978308360972,-0.2689315045643387,-0.4482191742738978,0.14715,0.6,0.15886285923624727,0.1603753885218138,0.011712859236247264,0.019521432060412108
35,Arsenal,0.17520000000000002,0.6,0.24342310350721574,0.15089767049185834,0.06822310350721572,0.1137051725120262,-0.32985000000000003,0.6,-0.47307805648730666,0.2024721477735527,-0.14322805648730663,-0.2387134274788444
35,Aston Villa,0.09820000000000001,0.6,0.07405497174948276,0.16124426581812462,-0.024145028250517245,-0.04024171375086208,-0.07485,0.6,0.048698247999827055,0.16635235140174698,0.12354824799982705,0.20591374666637843
35,Bournemouth,0.07720000000000002,0.6,0.1389485906670751,0.15690673271357095,0.06174859066707508,0.10291431777845847,0.009150000000000002,0.6,0.08163817080441542,0.16538213354228856,0.07248817080441541,0.12081361800735903
35,Brentford,0.05620000000000001,0.6,0.0614474402305985,0.16354986145713812,0.005247440230598491,0.008745733717664152,-0.04385,0.6,-0.05498133201721818,0.16791514413362987,-0.011131332017218179,-0.018552220028696966
35,Brighton,0.06020000000000001,0.6,0.05127085982820951,0.16274662174475266,-0.0089291401717905,-0.014881900286317501,0.11715,0.6,-0.10987287464087546,0.18215826621016404,-0.22702287464087545,-0.3783714577347924
35,Burnley,-0.6238,0.8,-0.3696638400379692,0.19932364226948385,0.2541361599620308,0.3176701999525385,0.17315,0.8,0.3335684929220287,0.14478010662866073,0.16041849292202873,0.2005231161525359
35,Chelsea,0.1622,0.6,0.22071443047651523,0.15373691178051385,0.05851443047651522,0.09752405079419205,-0.15585000000000002,0.6,0.007773078620462063,0.1681092179626594,0.16362307862046208,0.2727051310341035
35,Crystal Palace,0.03420000000000001,0.6,-0.07649723092305605,0.1694394585448489,-0.11069723092305606,-0.1844953848717601,0.06215,0.6,-0.07185331630916661,0.17340808440487931,-0.13400331630916662,-0.2233388605152777
35,Everton,-0.1308,0.6,-0.08318086034362401,0.1761489964380074,0.047619139656375986,0.07936523276062665,-0.07485,0.6,0.014068582784406189,0.16185943530424518,0.08891858278440619,0.1481976379740103
35,Fulham,-0.05279999999999999,0.6,-0.060691895353389064,0.17405473906740684,-0.007891895353389071,-0.013153158922315118,-0.0038499999999999975,0.6,0.026232351115452572,0.17078937427316757,0.03008235111545257,0.05013725185908762
35,Leeds,-0.1258,0.8,0.021602793457266328,0.16873157493463767,0.1474027934572663,0.18425349182158288,0.17315,0.8,-0.007214756281516552,0.17170045079608692,-0.18036475628151655,-0.22545594535189567
35,Liverpool,0.5481999999999999,0.6,0.22698265964323736,0.14922241807106917,-0.3212173403567625,-0.5353622339279376,-0.21185,0.6,-0.10224153680052081,0.17516238917613805,0.1096084631994792,0.18268077199913202
35,Man City,0.2742,0.6,0.3203600939886735,0.14906665468459734,0.04616009398867349,0.07693348998112248,-0.18085,0.6,-0.18326697771095296,0.18780485939178876,-0.00241697771095295,-0.004028296184921584
35,Man United,-0.011799999999999995,0.6,0.1657326701957954,0.1560577843824366,0.1775326701957954,0.295887783659659,-0.02485,0.6,-0.022449357853408323,0.16983542151159098,0.0024006421465916777,0.004001070244319463
35,Newcastle,0.1842,0.6,0.059319040038476406,0.15932047238980493,-0.1248809599615236,-0.208134933269206,-0.07285,0.6,0.025215486015651302,0.17028335339617512,0.0980654860156513,0.16344247669275216
35,Nottm Forest,-0.025799999999999993,0.6,-0.12829473315073442,0.17692668583731277,-0.10249473315073443,-0.17082455525122406,-0.03584999999999999,0.6,0.01196409745612573,0.1708620643088009,0.04781409745612572,0.07969016242687621
35,Sunderland,-0.5758000000000001,0.8,-0.2923300722961201,0.19285494250562005,0.28346992770387996,0.35433740962984994,0.24115,0.8,0.03977020530753071,0.169594566222201,-0.2013797946924693,-0.2517247433655866
35,Tottenham,0.09820000000000001,0.6,-0.061613647781924324,0.17401796216995064,-0.15981364778192433,-0.26635607963654057,0.17315,0.6,0.13977610969866328,0.15611266100758675,-0.03337389030133672,-0.055623150502227874
35,West Ham,-0.1048,0.6,-0.11033355653575785,0.17437571437082133,-0.00553355653575785,-0.009222594226263084,0.11315,0.6,0.13184901474067034,0.1544695034905735,0.018699014740670344,0.03116502456778391
35,Wolves,-0.11679999999999999,0.6,-0.4012508173599708,0.20300328561751352,-0.2844508173599708,-0.47408469559995137,0.14715,0.6,0.16440437063573218,0.15550203900091497,0.01725437063573218,0.028757284392886967
36,Arsenal,0.17520000000000002,0.6,0.24213951822275248,0.1511931694657551,0.06693951822275246,0.11156586370458743,-0.32985000000000003,0.6,-0.48067470420950814,0.21154295732107425,-0.1508247042095081,-0.25137450701584685
36,Aston Villa,0.09820000000000001,0.6,0.07341932528649914,0.1640699906613091,-0.024780674713500872,-0.04130112452250145,-0.07485,0.6,0.04912754325917259,0.16164585335904014,0.1239775432591726,0.20662923876528766
36,Bournemouth,0.07720000000000002,0.6,0.14520175941961458,0.15585499079430845,0.06800175941961456,0.1133362656993576,0.009150000000000002,0.6,0.07839604305685702,0.15849334989620228,0.06924604305685701,0.11541007176142835
36,Brentford,0.05620000000000001,0.6,0.06499624072319611,0.16142206257712016,0.008796240723196104,0.01466040120532684,-0.04385,0.6,-0.05553255027730003,0.17790652773930646,-0.01168255027730003,-0.019470917128833386
36,Brighton,0.06020000000000001,0.6,0.07709333076178305,0.15972794081883407,0.016893330761783044,0.02815555126963841,0.11715,0.6,-0.13408726482111613,0.1678298126455085,-0.25123726482111614,-0.41872877470186026
36,Burnley,-0.6238,0.8,-0.3867303616779298,0.2012083980420906,0.23706963832207023,0.29633704790258775,0.17315,0.8,0.3387946904178979,0.14089482442777485,0.1656446904178979,0.20705586302237236
36,Chelsea,0.1622,0.6,0.19785841529579518,0.15312518160890579,0.035658415295795165,0.05943069215965861,-0.15585000000000002,0.6,0.03416325336095817,0.16661496330479664,0.1900132533609582,0.31668875560159704
36,Crystal Palace,0.03420000000000001,0.6,-0.07904348309855336,0.17104062693269576,-0.11324348309855337,-0.18873913849758894,0.06215,0.6,-0.07131934044346218,0.18068798802294356,-0.13346934044346218,-0.22244890073910364
36,Everton,-0.1308,0.6,-0.08178404877814502,0.1704180570766568,0.04901595122185498,0.08169325203642497,-0.07485,0.6,0.01407295723608743,0.1678015589872706,0.08892295723608742,0.14820492872681237
36,Fulham,-0.05279999999999999,0.6,-0.06033803017580994,0.16924251162617593,-0.007538030175809944,-0.012563383626349907,-0.0038499999999999975,0.6,0.023730421629741167,0.16885828988754567,0.027580421629741163,0.04596736938290194
36,Leeds,-0.1258,0.8,0.013119119497342326,0.17261482356935998,0.1389191194973423,0.17364889937167788,0.17315,0.8,0.0018360579139137065,0.1684702011809689,-0.1713139420860863,-0.21414242760760788
36,Liverpool,0.5481999999999999,0.6,0.2237279274513926,0.15094696866785484,-0.3244720725486073,-0.5407867875810123,-0.21185,0.6,-0.10296685157438613,0.17278466258952513,0.10888314842561388,0.1814719140426898
36,Man City,0.2742,0.6,0.3273594428025341,0.15005906127336618,0.053159442802534096,0.08859907133755683,-0.18085,0.6,-0.1881712581691651,0.17960093237457705,-0.007321258169165096,-0.012202096948608493
36,Man United,-0.011799999999999995,0.6,0.16316935526278867,0.1529855993978215,0.17496935526278867,0.2916155921046478,-0.02485,0.6,-0.022347388376281165,0.16529558319065046,0.0025026116237188353,0.004171019372864726
36,Newcastle,0.1842,0.6,0.0566230803085983,0.16521212355815915,-0.1275769196914017,-0.2126281994856695,-0.07285,0.6,0.024650658620981824,0.16832944725413404,0.09750065862098183,0.16250109770163637
36,Nottm Forest,-0.025799999999999993,0.6,-0.1252796143011544,0.17343548629193337,-0.0994796143011544,-0.16579935716859068,-0.03584999999999999,0.6,0.01074142079500192,0.1666311563792471,0.04659142079500191,0.07765236799166986
36,Sunderland,-0.5758000000000001,0.8,-0.2915965671801623,0.19939110338114785,0.2842034328198378,0.3552542910247972,0.24115,0.8,0.0412348406352974,0.16930450722182722,-0.1999151593647026,-0.24989394920587826
36,Tottenham,0.09820000000000001,0.6,-0.05510985084517479,0.1758265794562654,-0.1533098508451748,-0.25551641807529135,0.17315,0.6,0.13886253216128278,0.15462179213835728,-0.03428746783871722,-0.057145779731195376
36,West Ham,-0.1048,0.6,-0.1088483299976438,0.1722940940236253,-0.00404832999764379,-0.006747216662739651,0.11315,0.6,0.13514819589234747,0.15959948331128554,0.021998195892347472,0.03666365982057912
36,Wolves,-0.11679999999999999,0.6,-0.39597722897772314,0.2039842821982618,-0.2791772289777231,-0.46529538162953854,0.14715,0.6,0.16434074289167958,0.15503102477512504,0.017190742891679572,0.02865123815279929
37,Arsenal,0.17520000000000002,0.6,0.22354031296111285,0.14917436048800634,0.048340312961112825,0.08056718826852138,-0.32985000000000003,0.6,-0.47907020491094227,0.20627974531424062,-0.14922020491094223,-0.24870034151823706
37,Aston Villa,0.09820000000000001,0.6,0.05921078668626548,0.16015339043019866,-0.038989213313734526,-0.06498202218955755,-0.07485,0.6,0.0451311203772931,0.1619658075807439,0.11998112037729311,0.1999685339621552
37,Bournemouth,0.07720000000000002,0.6,0.14587250607545957,0.15018274700394957,0.06867250607545955,0.11445417679243258,0.009150000000000002,0.6,0.08063332435226851,0.16148994348681878,0.0714833243522685,0.11913887392044752
37,Brentford,0.05620000000000001,0.6,0.0660511216227461,0.1542249027778552,0.009851121622746088,0.016418536037910148,-0.04385,0.6,-0.05170612307172527,0.17122952321307158,-0.007856123071725271,-0.013093538452875452
37,Brighton,0.06020000000000001,0.6,0.07190558941459999,0.15661818267502908,0.011705589414599975,0.019509315690999958,0.11715,0.6,-0.13421640802197413,0.17297077348112885,-0.25136640802197413,-0.4189440133699569
37,Burnley,-0.6238,0.8,-0.3829647540307277,0.20051658014341897,0.2408352459692723,0.30104405746159035,0.17315,0.8,0.34009594567102197,0.14329373149146704,0.16694594567102197,0.20868243208877746
37,Chelsea,0.1622,0.6,0.20142024801012787,0.15438702245945027,0.039220248010127856,0.06536708001687977,-0.15585000000000002,0.6,0.034204420088434544,0.1677001369295052,0.19005442008843457,0.31675736681405764
37,Crystal Palace,0.03420000000000001,0.6,-0.050922062628899534,0.16519224320657494,-0.08512206262889954,-0.14187010438149925,0.06215,0.6,-0.0633703984688015,0.17294123506016704,-0.1255203984688015,-0.20920066411466917
37,Everton,-0.1308,0.6,-0.08393313088756679,0.16966478403490784,0.04686686911243321,0.07811144852072202,-0.07485,0.6,0.025200251106574357,0.15749870379907668,0.10005025110657435,0.16675041851095726
37,Fulham,-0.05279999999999999,0.6,-0.058020050424523184,0.167552939856121,-0.005220050424523191,-0.008700084040871987,-0.0038499999999999975,0.6,0.005460414154449655,0.16700592943750692,0.009310414154449652,0.015517356924082754
37,Leeds,-0.1258,0.8,0.017800248549347503,0.16755582866062896,0.1436002485493475,0.17950031068668437,0.17315,0.8,-0.0004806206786604016,0.16169657094355344,-0.1736306206786604,-0.21703827584832547
37,Liverpool,0.5481999999999999,0.6,0.2301955139854037,0.1505847332890454,-0.3180044860145962,-0.5300074766909937,-0.21185,0.6,-0.07771463192469182,0.17683144938920392,0.13413536807530818,0.2235589467921803
37,Man City,0.2742,0.6,0.3286450189204329,0.14975530081876517,0.05444501892043291,0.09074169820072152,-0.18085,0.6,-0.1970806743972282,0.185238956977283,-0.016230674397228195,-0.027051123995380327
37,Man United,-0.011799999999999995,0.6,0.16848765412435474,0.1488173780523647,0.18028765412435474,0.30047942354059126,-0.02485,0.6,-0.02637291651811269,0.16809594736494954,-0.0015229165181126908,-0.0025381941968544847
37,Newcastle,0.1842,0.6,0.053527974268599184,0.16183055052043605,-0.13067202573140083,-0.21778670955233473,-0.07285,0.6,0.0030492530248186433,0.1606604655181422,0.07589925302481865,0.12649875504136443
37,Nottm Forest,-0.025799999999999993,0.6,-0.0981279480909761,0.16826597447962635,-0.0723279480909761,-0.12054658015162685,-0.03584999999999999,0.6,0.005765599781960309,0.16434036706462252,0.041615599781960305,0.06935933296993385
37,Sunderland,-0.5758000000000001,0.8,-0.3072041563973436,0.19832753545743276,0.2685958436026565,0.33574480450332056,0.24115,0.8,0.06630130593064362,0.1586686263432532,-0.17484869406935638,-0.21856086758669546
37,Tottenham,0.09820000000000001,0.6,-0.06638273485998777,0.17813822911679683,-0.16458273485998778,-0.27430455809997967,0.17315,0.6,0.1270804213227873,0.15397352425572453,-0.0460695786772127,-0.07678263112868784
37,West Ham,-0.1048,0.6,-0.10035569387882777,0.17372674156233917,0.004444306121172234,0.007407176868620391,0.11315,0.6,0.13649423524726842,0.15292646955473307,0.02334423524726842,0.038907058745447365
37,Wolves,-0.11679999999999999,0.6,-0.41874644341959755,0.19812812818368328,-0.30194644341959753,-0.5032440723659959,0.14715,0.6,0.16059568693461587,0.1486342700652453,0.01344568693461587,0.022409478224359784
38,Arsenal,0.17520000000000002,0.6,0.24444100795992896,0.14680662109865034,0.06924100795992894,0.1154016799332149,-0.32985000000000003,0.6,-0.5017391452686633,0.19868277116968155,-0.17188914526866322,-0.2864819087811054
38,Aston Villa,0.09820000000000001,0.6,0.027996272801981362,0.15667216903905604,-0.07020372719801865,-0.11700621199669775,-0.07485,0.6,0.04289234796577588,0.15998603342661258,0.11774234796577587,0.19623724660962646
38,Bournemouth,0.07720000000000002,0.6,0.14046260458238355,0.1535317819857767,0.06326260458238353,0.10543767430397255,0.009150000000000002,0.6,0.05944440966651889,0.15832755877186455,0.050294409666518894,0.08382401611086483
38,Brentford,0.05620000000000001,0.6,0.05445540152935335,0.15619794924337202,-0.0017445984706466536,-0.0029076641177444226,-0.04385,0.6,-0.06543723113499325,0.16882742413367408,-0.02158723113499325,-0.03597871855832209
38,Brighton,0.06020000000000001,0.6,0.07323818765442082,0.1566397556507517,0.013038187654420809,0.021730312757368017,0.11715,0.6,-0.08667187383761933,0.16866572652228035,-0.20382187383761935,-0.33970312306269895
38,Burnley,-0.6238,0.8,-0.39358235739178654,0.19741427768880687,0.23021764260821348,0.28777205326026684,0.17315,0.8,0.33606578211961324,0.1400522901762297,0.16291578211961324,0.20364472764951655
38,Chelsea,0.1622,0.6,0.1852059471792732,0.15079714571570538,0.02300594717927318,0.03834324529878863,-0.15585000000000002,0.6,0.03827465489632202,0.15849238750510222,0.19412465489632202,0.32354109149387006
38,Crystal Palace,0.03420000000000001,0.6,-0.06687140732165235,0.16781511171491534,-0.10107140732165236,-0.16845234553608726,0.06215,0.6,-0.07164610323065553,0.16836493917876624,-0.13379610323065552,-0.2229935053844259
38,Everton,-0.1308,0.6,-0.03932209785791666,0.16427803203730149,0.09147790214208334,0.15246317023680558,-0.07485,0.6,0.03213902522948291,0.15781297671701802,0.10698902522948292,0.1783150420491382
38,Fulham,-0.05279999999999999,0.6,-0.07946118240127388,0.16897979040521094,-0.026661182401273888,-0.04443530400212315,-0.0038499999999999975,0.6,0.03492805067488004,0.15962656296700325,0.03877805067488004,0.06463008445813341
38,Leeds,-0.1258,0.8,0.014373048584249683,0.1626572038084235,0.14017304858424967,0.17521631073031207,0.17315,0.8,-0.010660703047165978,0.16303453339163398,-0.18381070304716599,-0.22976337880895747
38,Liverpool,0.5481999999999999,0.6,0.21814377267831478,0.147507815414701,-0.33005622732168516,-0.5500937122028087,-0.21185,0.6,-0.06040512540533005,0.16616180294769212,0.15144487459466996,0.2524081243244499
38,Man City,0.2742,0.6,0.33300166639889994,0.1402323924324498,0.05880166639889994,0.09800277733149991,-0.18085,0.6,-0.14571090409389095,0.1808643801530482,0.03513909590610906,0.0585651598435151
38,Man United,-0.011799999999999995,0.6,0.17975348647558365,0.149640215905554,0.19155348647558365,0.3192558107926394,-0.02485,0.6,-0.03134125966223374,0.16169197178869804,-0.006491259662233743,-0.010818766103722906
38,Newcastle,0.1842,0.6,0.0954376271392673,0.1572134852035559,-0.0887623728607327,-0.14793728810122117,-0.07285,0.6,-0.005684897213119138,0.16451130415412318,0.06716510278688086,0.11194183797813477
38,Nottm Forest,-0.025799999999999993,0.6,-0.09517032526605135,0.1697556212623073,-0.06937032526605136,-0.11561720877675227,-0.03584999999999999,0.6,-0.011831574726704238,0.15909263799183154,0.024018425273295757,0.040030708788826266
38,Sunderland,-0.5758000000000001,0.8,-0.3124140254397834,0.19442703767718245,0.2633859745602167,0.3292324682002708,0.24115,0.8,0.07487806535446868,0.15808367896028303,-0.1662719346455313,-0.20783991830691412
38,Tottenham,0.09820000000000001,0.6,-0.06430528496925593,0.1683338494182894,-0.16250528496925593,-0.2708421416154266,0.17315,0.6,0.09418949971750701,0.1529788836573308,-0.07896050028249299,-0.131600833804155
38,West Ham,-0.1048,0.6,-0.11707608160527608,0.17135122782586718,-0.012276081605276074,-0.020460136008793456,0.11315,0.6,0.12713344090927797,0.15023024095371992,0.013983440909277972,0.02330573484879662
38,Wolves,-0.11679999999999999,0.6,-0.3983062607306604,0.19556225248881381,-0.28150626073066043,-0.4691771012177674,0.14715,0.6,0.15118354108652882,0.15119254757388215,0.0040335410865288135,0.006722568477548023
39,Arsenal,0.17520000000000002,0.6,0.23696079722902,0.14335980057060851,0.061760797229019976,0.10293466204836663,-0.32985000000000003,0.6,-0.4887177338560883,0.1966088372640676,-0.15886773385608827,-0.2647795564268138
39,Aston Villa,0.09820000000000001,0.6,0.027649698300958873,0.1560084751973937,-0.07055030169904114,-0.11758383616506857,-0.07485,0.6,0.06422232292030951,0.15896348109295907,0.13907232292030952,0.23178720486718254
39,Bournemouth,0.07720000000000002,0.6,0.12910081993341646,0.15039289050348012,0.05190081993341644,0.08650136655569407,0.009150000000000002,0.6,0.05264891432483793,0.15252438416780442,0.043498914324837934,0.07249819054139656
39,Brentford,0.05620000000000001,0.6,0.0429251920554599,0.15321540389150132,-0.013274807944540105,-0.022124679907566842,-0.04385,0.6,-0.029183173081210195,0.1624905894212148,0.014666826918789806,0.024444711531316343
39,Brighton,0.06020000000000001,0.6,0.08718415229529378,0.15613394800111358,0.026984152295293766,0.04497358715882294,0.11715,0.6,-0.0985563874201196,0.17611779800018112,-0.2157063874201196,-0.35951064570019936
39,Burnley,-0.6238,0.8,-0.36060608723882875,0.19836734439620485,0.26319391276117127,0.32899239095146404,0.17315,0.8,0.3378303345980863,0.14013424906560049,0.16468033459808631,0.20585041824760789
39,Chelsea,0.1622,0.6,0.17067138504439094,0.14851440470514865,0.008471385044390933,0.01411897507398489,-0.15585000000000002,0.6,0.011647159481439129,0.15411682790650957,0.16749715948143915,0.27916193246906523
39,Crystal Palace,0.03420000000000001,0.6,-0.0323597253016378,0.16012658850951705,-0.06655972530163781,-0.11093287550272969,0.06215,0.6,-0.048042795026206335,0.16458022786427337,-0.11019279502620632,-0.18365465837701056
39,Everton,-0.1308,0.6,-0.019923227310770536,0.15749448459275248,0.11087677268922946,0.18479462114871578,-0.07485,0.6,0.06252457729527852,0.15236464580507753,0.13737457729527852,0.22895762882546422
39,Fulham,-0.05279999999999999,0.6,-0.09207830634289225,0.17564159515292996,-0.03927830634289226,-0.06546384390482043,-0.0038499999999999975,0.6,0.024899994103682356,0.15458517945353087,0.028749994103682355,0.04791665683947059
39,Leeds,-0.1258,0.8,-0.005235297557643546,0.1612057405548699,0.12056470244235645,0.15070587805294555,0.17315,0.8,-0.010556339359187891,0.16083245693841342,-0.1837063393591879,-0.22963292419898487
39,Liverpool,0.5481999999999999,0.6,0.19925585891174186,0.14930390085895393,-0.34894414108825805,-0.5815735684804301,-0.21185,0.6,-0.08059866388733126,0.16968963529911243,0.13125133611266876,0.21875222685444795
39,Man City,0.2742,0.6,0.3556549131047843,0.13864404583743822,0.08145491310478431,0.13575818850797386,-0.18085,0.6,-0.16657589339726198,0.169074086741623,0.014274106602738035,0.02379017767123006
39,Man United,-0.011799999999999995,0.6,0.1591480061943232,0.15184450643117461,0.1709480061943232,0.2849133436572054,-0.02485,0.6,-0.029433007353014937,0.1619749189209029,-0.004583007353014937,-0.007638345588358228
39,Newcastle,0.1842,0.6,0.09603317359403644,0.14973050841809207,-0.08816682640596356,-0.14694471067660594,-0.07285,0.6,-0.0063100830894926305,0.15923303424277052,0.06653991691050737,0.11089986151751229
39,Nottm Forest,-0.025799999999999993,0.6,-0.09587050041738389,0.16361575338426498,-0.0700705004173839,-0.1167841673623065,-0.03584999999999999,0.6,-0.0075166811354375465,0.15625001053927068,0.028333318864562446,0.04722219810760408
39,Sunderland,-0.5758000000000001,0.8,-0.3061667241543037,0.187002396592402,0.2696332758456964,0.3370415948071205,0.24115,0.8,0.05190774425153967,0.16082031975127706,-0.18924225574846032,-0.2365528196855754
39,Tottenham,0.09820000000000001,0.6,-0.07244324740394191,0.1644580600897602,-0.17064324740394193,-0.28440541233990324,0.17315,0.6,0.08137046277145396,0.15238573565390737,-0.09177953722854604,-0.15296589538091007
39,West Ham,-0.1048,0.6,-0.1144800521430655,0.16775621767134613,-0.009680052143065498,-0.016133420238442497,0.11315,0.6,0.11531064313967228,0.15004767753933657,0.0021606431396722775,0.003601071899453796
39,Wolves,-0.11679999999999999,0.6,-0.4054208287929578,0.18463176042171237,-0.2886208287929578,-0.4810347146549297,0.14715,0.6,0.16312860471905097,0.1455172628854759,0.015978604719050965,0.026631007865084943
40,Arsenal,0.17520000000000002,0.6,0.23805216281782193,0.13907874289047803,0.06285216281782191,0.10475360469636985,-0.32985000000000003,0.6,-0.4961032829525242,0.19823202937161355,-0.16625328295252417,-0.2770888049208736
40,Aston Villa,0.09820000000000001,0.6,0.027907128448635892,0.15818483178158352,-0.07029287155136411,-0.1171547859189402,-0.07485,0.6,0.06450701633657933,0.15296580008814267,0.13935701633657932,0.23226169389429888
40,Bournemouth,0.07720000000000002,0.6,0.12783153006487433,0.153208391127636,0.05063153006487431,0.08438588344145719,0.009150000000000002,0.6,0.05490921700964915,0.1571596076892007,0.04575921700964915,0.07626536168274858
40,Brentford,0.05620000000000001,0.6,0.040824277898112896,0.15644953426519004,-0.015375722101887111,-0.025626203503145185,-0.04385,0.6,-0.034000976680045425,0.1610081434068449,0.009849023319954575,0.01641503886659096
40,Brighton,0.06020000000000001,0.6,0.08963105488759404,0.15032892384008445,0.02943105488759403,0.049051758145990054,0.11715,0.6,-0.09284051515762243,0.17527372975009528,-0.20999051515762243,-0.34998419192937075
40,Burnley,-0.6238,0.8,-0.35732025581343296,0.18553885878484086,0.26647974418656706,0.3330996802332088,0.17315,0.8,0.33856764491611374,0.13900793568261768,0.16541764491611374,0.20677205614514216
40,Chelsea,0.1622,0.6,0.17014768827132432,0.14957351222025878,0.007947688271324305,0.013246147118873841,-0.15585000000000002,0.6,0.008287452646218036,0.15757757071255105,0.16413745264621804,0.2735624210770301
40,Crystal Palace,0.03420000000000001,0.6,-0.044211589602366104,0.16493270287607267,-0.0784115896023661,-0.13068598267061018,0.06215,0.6,-0.03831204315066315,0.16077634217567324,-0.10046204315066315,-0.16743673858443858
40,Everton,-0.1308,0.6,-0.015165773468914548,0.16185280770744861,0.11563422653108545,0.19272371088514242,-0.07485,0.6,0.06392601045789996,0.15271995233507374,0.13877601045789995,0.2312933507631666
40,Fulham,-0.05279999999999999,0.6,-0.09111248377403586,0.17074376373251846,-0.038312483774035865,-0.0638541396233931,-0.0038499999999999975,0.6,0.025982915177878603,0.156149082625744,0.029832915177878602,0.04972152529646434
40,Leeds,-0.1258,0.8,-0.0024820450706547746,0.15731166056030935,0.12331795492934522,0.1541474436616815,0.17315,0.8,-0.01440913340359928,0.16410647115553062,-0.18755913340359928,-0.23444891675449908
40,Liverpool,0.5481999999999999,0.6,0.20000546145450118,0.1456043414682734,-0.34819453854549876,-0.5803242309091646,-0.21185,0.6,-0.07873588401671205,0.16904483431744366,0.13311411598328796,0.2218568599721466
40,Man City,0.2742,0.6,0.35719338953592333,0.1338117462713834,0.08299338953592333,0.13832231589320557,-0.18085,0.6,-0.18090325143739402,0.17757146832887574,-5.3251437394014056e-05,-8.87523956566901e-05
40,Man United,-0.011799999999999995,0.6,0.15833864358765137,0.14803977062672485,0.17013864358765138,0.28356440597941895,-0.02485,0.6,-0.02748758966971095,0.15883445874432747,-0.002637589669710949,-0.004395982782851582
40,Newcastle,0.1842,0.6,0.10081460235635803,0.15401459240042292,-0.08338539764364197,-0.1389756627394033,-0.07285,0.6,-0.0021590497922616154,0.157735542453161,0.07069095020773838,0.11781825034623064
40,Nottm Forest,-0.025799999999999993,0.6,-0.09815009993281575,0.1655560377471198,-0.07235009993281576,-0.12058349988802626,-0.03584999999999999,0.6,-0.006549504880505701,0.1621212213363212,0.029300495119494292,0.04883415853249049
40,Sunderland,-0.5758000000000001,0.8,-0.30964280591429577,0.1833141269218155,0.2661571940857043,0.33269649260713036,0.24115,0.8,0.05385057320169421,0.15656356199411386,-0.1872994267983058,-0.23412428349788225
40,Tottenham,0.09820000000000001,0.6,-0.07077915509162205,0.1657141153836719,-0.16897915509162206,-0.28163192515270347,0.17315,0.6,0.08202644980053525,0.15511757914415353,-0.09112355019946475,-0.15187258366577458
40,West Ham,-0.1048,0.6,-0.11705511079538541,0.17501645940358007,-0.01225511079538541,-0.020425184658975686,0.11315,0.6,0.11323705017051805,0.14938402298684725,8.705017051804931e-05,0.0001450836175300822
40,Wolves,-0.11679999999999999,0.6,-0.40482661985927426,0.19504435217640376,-0.28802661985927425,-0.4800443664321238,0.14715,0.6,0.16620690142395253,0.1510344819669305,0.019056901423952527,0.031761502373254216
41,Arsenal,0.17520000000000002,0.6,0.2121212908943141,0.1387020261179935,0.03692129089431409,0.06153548482385682,-0.32985000000000003,0.6,-0.5126702685477733,0.19498370103226734,-0.18282026854777328,-0.30470044757962217
41,Aston Villa,0.09820000000000001,0.6,0.04671742938926654,0.15300036839995573,-0.05148257061073347,-0.08580428435122245,-0.07485,0.6,0.06605508356557423,0.15256362444478816,0.14090508356557424,0.23484180594262374
41,Bournemouth,0.07720000000000002,0.6,0.12707282285276464,0.14996570752584848,0.04987282285276462,0.08312137142127438,0.009150000000000002,0.6,0.049198232851754106,0.15786129224482218,0.0400482328517541,0.0667470547529235
41,Brentford,0.05620000000000001,0.6,0.04731874712460959,0.15504651706789377,-0.008881252875390419,-0.0148020881256507,-0.04385,0.6,-0.043071507769176544,0.15927204598818084,0.0007784922308234563,0.001297487051372427
41,Brighton,0.06020000000000001,0.6,0.10167703372121846,0.1475085065810391,0.04147703372121845,0.06912838953536408,0.11715,0.6,-0.10936986085740233,0.16273052221944695,-0.22651986085740233,-0.3775331014290039
41,Burnley,-0.6238,0.8,-0.37744390549248114,0.1814013895098317,0.24635609450751889,0.30794511813439857,0.17315,0.8,0.31586978454613407,0.13356358662236065,0.14271978454613407,0.17839973068266757
41,Chelsea,0.1622,0.6,0.16427595416822746,0.14760961246154478,0.0020759541682274507,0.003459923613712418,-0.15585000000000002,0.6,0.004498293602706891,0.15243062532715976,0.16034829360270692,0.26724715600451154
41,Crystal Palace,0.03420000000000001,0.6,-0.05246985765716057,0.15803597710132342,-0.08666985765716058,-0.1444497627619343,0.06215,0.6,-0.03923080968433313,0.16274216893531843,-0.10138080968433313,-0.16896801614055523
41,Everton,-0.1308,0.6,-0.02724466243166794,0.15870057989310865,0.10355533756833206,0.17259222928055343,-0.07485,0.6,0.06955133355615017,0.15303352506662782,0.14440133355615017,0.2406688892602503
41,Fulham,-0.05279999999999999,0.6,-0.11154787046869362,0.16775191798676123,-0.058747870468693626,-0.09791311744782272,-0.0038499999999999975,0.6,0.02435723682029411,0.16182234646375895,0.028207236820294107,0.04701206136715685
41,Leeds,-0.1258,0.8,-0.020665857744123176,0.1591536376764374,0.10513414225587682,0.131417677819846,0.17315,0.8,0.0024578781812620793,0.1599203387696646,-0.1706921218187379,-0.21336515227342237
41,Liverpool,0.5481999999999999,0.6,0.20194883304738584,0.1430095097288874,-0.34625116695261404,-0.5770852782543567,-0.21185,0.6,-0.0561454506974147,0.1650052344942455,0.15570454930258532,0.2595075821709755
41,Man City,0.2742,0.6,0.35255296909253037,0.13649479674838122,0.07835296909253037,0.13058828182088394,-0.18085,0.6,-0.18225188146421123,0.17287454685219864,-0.0014018814642112187,-0.002336469107018698
41,Man United,-0.011799999999999995,0.6,0.20207711103398038,0.13641522159958433,0.21387711103398038,0.35646185172330064,-0.02485,0.6,-0.008529996444627517,0.15914699801654641,0.016320003555372484,0.02720000592562081
41,Newcastle,0.1842,0.6,0.10219913146964507,0.14847235867327607,-0.08200086853035493,-0.13666811421725822,-0.07285,0.6,-0.010268279963088118,0.1576776699960824,0.06258172003691188,0.10430286672818648
41,Nottm Forest,-0.025799999999999993,0.6,-0.07086324608697278,0.16065288149664717,-0.04506324608697279,-0.07510541014495466,-0.03584999999999999,0.6,0.041910982770289235,0.1548274059198837,0.07776098277028923,0.12960163795048205
41,Sunderland,-0.5758000000000001,0.8,-0.3000437324076589,0.18604526221530035,0.2757562675923412,0.34469533449042644,0.24115,0.8,0.04202958242603385,0.15494040040454962,-0.19912041757396615,-0.24890052196745768
41,Tottenham,0.09820000000000001,0.6,-0.0722311804389754,0.16524208728133347,-0.17043118043897543,-0.2840519673982924,0.17315,0.6,0.07711136710284129,0.15852688443222024,-0.09603863289715871,-0.1600643881619312
41,West Ham,-0.1048,0.6,-0.11895173527495367,0.16892628585032837,-0.01415173527495367,-0.023586225458256116,0.11315,0.6,0.12124390720016077,0.14629057461389483,0.008093907200160774,0.013489845333601291
41,Wolves,-0.11679999999999999,0.6,-0.4064992747912552,0.18886609147645436,-0.28969927479125523,-0.4828321246520921,0.14715,0.6,0.14725437280482612,0.1486153179968362,0.00010437280482611389,0.00017395467471018983
42,Arsenal,0.17520000000000002,0.6,0.21506655041231984,0.14052056883588127,0.03986655041231982,0.0664442506871997,-0.32985000000000003,0.6,-0.5150714536857375,0.1969450573690493,-0.18522145368573745,-0.30870242280956245
42,Aston Villa,0.09820000000000001,0.6,0.047628394720853603,0.15480859507436961,-0.050571605279146406,-0.08428600879857735,-0.07485,0.6,0.06358356176951002,0.1543786160068563,0.13843356176951002,0.23072260294918337
42,Bournemouth,0.07720000000000002,0.6,0.13505451190534642,0.14944897326060674,0.057854511905346406,0.09642418650891069,0.009150000000000002,0.6,0.039146622638804474,0.15628762712802405,0.02999662263880447,0.04999437106467412
42,Brentford,0.05620000000000001,0.6,0.05139588076421666,0.15206753403137055,-0.004804119235783347,-0.008006865392972245,-0.04385,0.6,-0.044314651962036135,0.15967330608239286,-0.00046465196203613474,-0.0007744199367268913
42,Brighton,0.06020000000000001,0.6,0.10420506404725106,0.14821582943173237,0.044005064047251054,0.07334177341208509,0.11715,0.6,-0.11498929966793964,0.1684941460456547,-0.23213929966793964,-0.3868988327798994
42,Burnley,-0.6238,0.8,-0.3815516708966586,0.19103729976478936,0.24224832910334143,0.30281041137917675,0.17315,0.8,0.3156782063897991,0.13565779854093413,0.1425282063897991,0.17816025798724885
42,Chelsea,0.1622,0.6,0.15314937876197043,0.13991591080460686,-0.009050621238029577,-0.015084368730049296,-0.15585000000000002,0.6,0.006191240943228658,0.15720706799087164,0.16204124094322866,0.27006873490538114
42,Crystal Palace,0.03420000000000001,0.6,-0.057827821352975636,0.16259444780949944,-0.09202782135297564,-0.15337970225495942,0.06215,0.6,-0.03372266663071459,0.1634119888421233,-0.09587266663071459,-0.15978777771785765
42,Everton,-0.1308,0.6,-0.027307963658802167,0.16635107776627095,0.10349203634119783,0.17248672723532973,-0.07485,0.6,0.06905806928275135,0.15524051782921794,0.14390806928275135,0.23984678213791893
42,Fulham,-0.05279999999999999,0.6,-0.10846130324311562,0.16046052668256722,-0.05566130324311563,-0.09276883873852605,-0.0038499999999999975,0.6,0.026207345259469224,0.1579685220180377,0.030057345259469223,0.050095575432448705
42,Leeds,-0.1258,0.8,-0.016890207692352843,0.16291597820414364,0.10890979230764715,0.13613724038455893,0.17315,0.8,0.005291485572290816,0.158731667785226,-0.1678585144277092,-0.20982314303463648
42,Liverpool,0.5481999999999999,0.6,0.19955407844848122,0.140280248151916,-0.3486459215515187,-0.5810765359191978,-0.21185,0.6,-0.053062642641649525,0.16439792387412666,0.15878735735835048,0.2646455955972508
42,Man City,0.2742,0.6,0.3480417964816221,0.13193135846888943,0.07384179648162209,0.12306966080270348,-0.18085,0.6,-0.16911404513329512,0.1694670201614967,0.011735954866704895,0.019559924777841492
42,Man United,-0.011799999999999995,0.6,0.20229230248487096,0.14051741051140443,0.21409230248487096,0.3568205041414516,-0.02485,0.6,-0.0029593073632387637,0.15444453217740267,0.021890692636761237,0.036484487727935395
42,Newcastle,0.1842,0.6,0.09771149867895548,0.14977663232356858,-0.08648850132104452,-0.14414750220174088,-0.07285,0.6,-0.009158413363135373,0.15764253405670867,0.06369158663686462,0.10615264439477438
42,Nottm Forest,-0.025799999999999993,0.6,-0.07362019216040923,0.16037717343402905,-0.04782019216040924,-0.07970032026734873,-0.03584999999999999,0.6,0.04153513298668625,0.153247170316346,0.07738513298668624,0.12897522164447708
42,Sunderland,-0.5758000000000001,0.8,-0.29918505738028334,0.18557379164630788,0.27661494261971675,0.3457686782746459,0.24115,0.8,0.04236590657921084,0.15920913326636107,-0.19878409342078918,-0.24848011677598647
42,Tottenham,0.09820000000000001,0.6,-0.07054496184814865,0.163064083337259,-0.16874496184814866,-0.28124160308024776,0.17315,0.6,0.060379573366682586,0.14807036953578498,-0.1127704266333174,-0.18795071105552902
42,West Ham,-0.1048,0.6,-0.11986010561488578,0.17052858845964255,-0.015060105614885771,-0.02510017602480962,0.11315,0.6,0.12218071828640828,0.14410100713649232,0.009030718286408279,0.0150511971440138
42,Wolves,-0.11679999999999999,0.6,-0.39885017285825597,0.1908670381322328,-0.28205017285825595,-0.4700836214304266,0.14715,0.6,0.15077461737290496,0.14542909283886346,0.0036246173729049536,0.00604102895484159
