id,start_date_local,name,type,moving_time,distance,elapsed_time,total_elevation_gain,max_speed,average_speed,has_heartrate,max_heartrate,average_heartrate,average_cadence,calories,device_watts,icu_average_watts,icu_normalized_watts,icu_joules,icu_intensity,icu_training_load,icu_training_load_edited,icu_rpe,pace,icu_fatigue,icu_fitness,icu_eftp,icu_variability,icu_efficiency,trainer,commute,race,sub_type,icu_ftp,icu_w_prime,p_max,threshold_pace,power_load,hr_load,pace_load,icu_resting_hr,lthr,hr_z1,hr_z2,hr_z3,hr_z4,hr_z5,hr_z6,hr_max,hr_z1_secs,hr_z2_secs,hr_z3_secs,hr_z4_secs,hr_z5_secs,hr_z6_secs,hr_z7_secs,z1_secs,z2_secs,z3_secs,z4_secs,z5_secs,z6_secs,z7_secs,sweet_spot_secs,icu_weight,icu_ignore_power,icu_ignore_hr,icu_ignore_time,icu_recording_time,icu_warmup_time,icu_cooldown_time,icu_hrrc,icu_hrrc_start_bpm,icu_power_spike_threshold,icu_pm_ftp,icu_pm_cp,icu_pm_w_prime,icu_pm_p_max,start_date,icu_sync_date,timezone,file_type,external_id,compliance,gear,description
i178814969,2026-08-23T08:45:21,"Ez w Stellar","Run",3534,9715.96,7752,63.665997,5.346,2.74,true,145,127,84.818985,675,true,,,,69.90937,50,,2,2.7492812,63.221848,58.17141,,,,,false,false,,,,,3.7735848,,43,50,48,163,137,146,153,162,167,172,190,3083,464,0,0,0,0,0,,,,,,,,,70.5,false,false,false,3683,600,300,,,,,,,,2026-08-23T06:45:21Z,2026-08-23T09:11:31Z,,"fit","24081775996",98.039215,,
19851874327,2026-08-22T13:56:16,"Zwift - 45min Z1","VirtualRide",2734,14445.9,2734,225.40001,19.92,5.284,true,115,105,94.04219,280,true,107,111,293336,48.260868,23,,,5.283797,65.25226,58.3683,114,1.0373832,1.0571429,false,false,false,,230,,,,18,23,,48,150,120,133,140,149,153,158,190,2727,0,0,0,0,0,0,2715,12,0,0,0,0,0,0,70.7,false,false,false,2733,0,0,,,,114,112,8496,206,2026-08-22T13:56:16Z,2026-08-22T14:42:14Z,"(GMT+00:00) GMT",,"zwift-activity-2210383969688535088.fit",121.052635,,"🗺️ Mighty Metropolitan in New York\n🎉 Leveled up today\n⚡️ New 5min power best (90day)\n⚡️ New 10min power best (90day)\n⚡️ New 20min power best (90day)"
i178491130,2026-08-22T07:25:37,"Long 3x12min","Run",5430,16603.95,5509,44.67348,3.844,3.056,true,165,142,89.60599,1180,true,,,,80.15624,97,,5,3.0578175,65.25226,58.3683,,,,,false,false,,,,,3.7735848,,96,97,48,163,137,146,153,162,167,172,190,2345,1012,582,1452,43,0,0,,,,,,,,,70.7,false,false,false,5435,600,300,,,,,,,,2026-08-22T05:25:37Z,2026-08-22T06:58:38Z,,"fit","24068329535",98.97959,,
19837897702,2026-08-21T13:50:28,"Zwift -  Recovery","VirtualRide",2456,16584.6,2492,116.0,17.08,6.753,true,108,99,87.865036,244,true,104,107,255754,46.52174,18,,,6.752687,56.844925,56.88327,110,1.0288461,1.080808,false,false,false,,230,,,,15,18,,48,150,120,133,140,149,153,158,190,2455,0,0,0,0,0,0,2454,1,0,0,0,0,0,0,70.0,false,false,false,2456,0,0,,,,110,108,8240,148,2026-08-21T13:50:28Z,2026-08-21T14:32:23Z,"(GMT+00:00) GMT",,"zwift-activity-2209656620273680432.fit",72.0,,"🗺️ Flat Route in Watopia\n🎉 Leveled up today\n⚡️ New 5min power best (90day)\n⚡️ New 10min power best (90day)\n⚡️ New 20min power best (90day)"
i178160230,2026-08-21T06:55:51,"MK Social","Run",1798,4651.58,1809,31.325804,3.275,2.582,true,128,117,85.00167,318,true,,,,67.67308,23,,2,2.5870857,56.844925,56.88327,,,,,false,false,,,,,3.7735848,,16,23,48,163,137,146,153,162,167,172,190,1801,0,0,0,0,0,0,,,,,,,,,70.0,false,false,false,1808,600,300,,,,,,,,2026-08-21T04:55:51Z,2026-08-21T05:38:06Z,,"fit","24056677296",85.18519,,
i177792334,2026-08-20T05:45:55,"7x2","Run",2890,8734.01,2932,73.58125,4.245,3.015,true,156,135,88.2941,591,true,,,,79.145905,51,,4,3.0221486,59.278152,57.26598,,,,,false,false,,,,,3.7735848,,44,51,49,163,137,146,153,162,167,172,190,1394,440,787,275,0,0,0,,,,,,,,,70.6,false,false,false,2931,600,300,,,,,,,,2026-08-20T03:45:55Z,2026-08-20T04:37:06Z,,"fit","24044075546",91.07143,,
i177618284,2026-08-19T17:42:20,"Oli Oli Social","Run",1694,4984.2,2090,30.838005,3.34,2.935,true,143,129,86.08802,338,true,,,,75.44335,28,,3,2.942267,60.549385,57.41696,,,,,false,false,,,,,3.7735848,,22,28,48,163,137,146,153,162,167,172,190,1245,456,0,0,0,0,0,,,,,,,,,71.2,false,false,false,1771,600,300,,,,,,,,2026-08-19T15:42:20Z,2026-08-19T16:17:50Z,,"fit","24038234808",100.0,,
i177404884,2026-08-19T05:34:36,"Easy","Run",2170,5744.87,2229,37.655396,5.673,2.645,true,129,119,87.089645,393,true,,,,68.98139,29,,1,2.6474056,60.549385,57.41696,,,,,false,false,,,,,3.7735848,,21,29,48,163,137,146,153,162,167,172,190,2174,0,0,0,0,0,0,,,,,,,,,71.2,false,false,false,2194,600,300,,,,,,,,2026-08-19T03:34:36Z,2026-08-19T04:13:58Z,,"fit","24031078467",96.666664,,
i176990179,2026-08-18T05:28:22,"5x3","Run",3032,9275.72,3038,78.17663,3.779,3.057,true,155,135,88.9594,636,true,,,,80.74399,55,,5,3.0592744,61.094444,57.42701,,,,,false,false,,,,,3.7735848,,46,55,49,163,137,146,153,162,167,172,190,1415,498,1060,61,0,0,0,,,,,,,,,71.4,false,false,false,3037,600,300,,,,,,,,2026-08-18T03:28:22Z,2026-08-18T04:21:45Z,,"fit","24017675658",93.22034,,
19781945989,2026-08-17T16:39:42,"Testing out zwift","VirtualRide",899,6235.0,899,15.800001,11.0,6.935,true,110,100,86.41056,75,true,88,95,79297,38.0,7,true,,6.935484,62.03034,57.48549,,1.0795455,0.95,false,false,false,,250,,,,4,7,,46,150,120,133,140,149,153,158,190,899,0,0,0,0,0,0,864,33,2,0,0,0,0,0,70.8,false,false,false,898,0,0,,,,87,86,6565,236,2026-08-17T16:39:42Z,2026-08-18T05:43:26Z,"(GMT+00:00) GMT",,"zwift-activity-2206842735573385216.fit",0.0,,"⚡️ New 5sec power best (90day)\n⚡️ New 15sec power best (90day)\n⚡️ New 30sec power best (90day)\n⚡️ New 1min power best (90day)\n⚡️ New 2min power best (90day)\n⚡️ New 5min power best (90day)\n⚡️ New 10min power best (90day)\n⚡️ New FTP set!"
i176621529,2026-08-17T05:22:50,"easy","Run",2961,7822.78,3091,52.878067,3.051,2.638,true,131,121,87.03345,535,true,,,,69.32827,40,,1,2.6419384,62.03034,57.48549,,,,,false,false,,,,,3.7735848,,30,40,46,163,137,146,153,162,167,172,190,2964,0,0,0,0,0,0,,,,,,,,,70.8,false,false,false,2996,600,300,,,,,,,,2026-08-17T03:22:50Z,2026-08-17T04:17:02Z,,"fit","24005356991",97.560974,,
i176340761,2026-08-16T08:44:40,"Ez w Stellar","Run",3204,9080.24,7370,54.53081,3.144,2.83,true,152,132,86.40869,657,true,,,,73.2014,49,,1,2.8340325,64.33847,57.73814,,,,,false,false,,,,,3.7735848,,44,49,46,163,137,146,153,162,167,172,190,2067,1080,68,0,0,0,0,,,,,,,,,71.2,false,false,false,3292,600,300,,,,,,,,2026-08-16T06:44:40Z,2026-08-16T08:49:14Z,,"fit","23995102699",102.083336,,
i176049526,2026-08-15T11:31:18,"Z1 Ride","Ride",4194,28613.83,4427,124.0,9.247,6.792,true,127,115,,529,,,,,65.13927,51,,,6.822563,66.693924,57.94869,,,,false,false,false,,250,,,,,51,,45,150,120,133,140,149,153,158,190,3643,573,0,0,0,0,0,,,,,,,,,71.0,false,false,false,4327,1200,600,,,,,,,,2026-08-15T09:31:18Z,2026-08-15T10:51:34Z,,"fit","23984710094",127.5,,
i175964334,2026-08-15T06:31:57,"QLR 3x10min","Run",4977,14704.44,5078,39.598705,3.826,2.952,true,160,134,88.675934,1041,true,,,,77.33553,83,,5,2.9544787,66.693924,57.94869,,,,,false,false,,,,,3.7735848,,75,83,45,163,137,146,153,162,167,172,190,3205,237,827,712,0,0,0,,,,,,,,,71.0,false,false,false,4996,600,300,,,,,,,,2026-08-15T04:31:57Z,2026-08-15T05:57:45Z,,"fit","23981497621",98.809525,,
i175655458,2026-08-14T07:03:02,"MK Social","Run",2316,6540.79,4548,55.26567,3.331,2.816,true,144,129,85.16911,454,true,,,,73.546005,36,,2,2.8241754,56.358067,56.116215,,,,,false,false,,,,,3.7735848,,29,36,48,163,137,146,153,162,167,172,190,1978,346,0,0,0,0,0,,,,,,,,,71.2,false,false,false,2396,600,300,,,,,,,,2026-08-14T05:03:02Z,2026-08-14T06:19:33Z,,"fit","23970368762",102.85714,,
i175331922,2026-08-13T05:33:26,"8x2","Run",3221,9723.1,3222,82.56915,3.816,3.017,true,161,140,88.368095,675,true,,,,79.81662,57,,6,3.0186586,59.484352,56.600918,,,,,false,false,,,,,3.7735848,,56,57,44,163,137,146,153,162,167,172,190,1367,321,645,890,0,0,0,,,,,,,,,70.6,false,false,false,3221,600,300,,,,,,,,2026-08-13T03:33:26Z,2026-08-13T04:28:25Z,,"fit","23957267843",95.0,,
i175171468,2026-08-12T15:51:55,"Z1 Ride","Ride",3024,20339.33,3261,34.0,9.396,6.715,true,114,100,,294,,,,,52.784447,24,,2,6.725969,59.86586,56.5913,,,,,false,false,,250,,,,,24,,46,150,120,133,140,149,153,158,190,3035,0,0,0,0,0,0,,,,,,,,,70.4,false,false,false,3101,0,0,,,,,,,,2026-08-12T13:51:55Z,2026-08-12T14:47:20Z,,"fit","23950594099",85.71429,,
i174971860,2026-08-12T05:29:30,"Easy","Run",2935,7844.66,3006,47.726437,3.163,2.665,true,132,122,86.75615,533,true,,,,69.22437,40,,2,2.6727974,59.86586,56.5913,,,,,false,false,,,,,3.7735848,,31,40,46,163,137,146,153,162,167,172,190,2939,0,0,0,0,0,0,,,,,,,,,70.4,false,false,false,3005,600,300,,,,,,,,2026-08-12T03:29:30Z,2026-08-12T04:20:32Z,,"fit","23944374832",97.560974,,
i174583786,2026-08-11T05:32:40,"6x3","Run",3348,10462.0,3363,83.233826,3.844,3.124,true,162,144,90.171104,731,true,,,,82.78323,64,,6,3.1248507,59.231003,56.41279,,,,,false,false,,,,,3.7735848,,63,64,47,163,137,146,153,162,167,172,190,1193,221,560,1377,0,0,0,,,,,,,,,70.6,false,false,false,3362,600,300,,,,,,,,2026-08-11T03:32:40Z,2026-08-11T04:29:46Z,,"fit","23930839281",96.969696,,
i174252122,2026-08-10T05:39:05,"easy","Run",3509,9104.56,3556,59.712887,4.161,2.592,true,135,125,86.68791,635,true,,,,67.50527,45,,1,2.5946307,58.49865,56.229973,,,,,false,false,,,,,3.7735848,,40,45,45,163,137,146,153,162,167,172,190,3513,0,0,0,0,0,0,,,,,,,,,70.9,false,false,false,3555,600,300,,,,,,,,2026-08-10T03:39:05Z,2026-08-10T04:41:08Z,,"fit","23918270395",93.75,,
i173969286,2026-08-09T08:44:11,"Stellar","Run",3458,9727.83,8578,78.64493,3.434,2.809,true,151,128,85.75487,685,true,,,,73.446594,53,,3,2.8131378,60.571568,56.50056,,,,,false,false,,,,,3.7735848,,44,53,46,163,137,146,153,162,167,172,190,2679,667,122,0,0,0,0,,,,,,,,,70.8,false,false,false,3537,600,300,,,,,,,,2026-08-09T06:44:11Z,2026-08-09T09:08:09Z,,"fit","23908321997",96.36364,,
i173706086,2026-08-08T12:35:02,"Z1 Ride","Ride",5309,36038.63,5423,81.0,9.723,6.784,true,125,112,,597,,,,,62.56019,58,,2,6.788214,61.734295,56.584908,,,,,false,false,,250,,,,,58,,46,150,120,133,140,149,153,158,190,5109,205,0,0,0,0,0,,,,,,,,,70.7,false,false,false,5335,1200,600,,,,,,,,2026-08-08T10:35:02Z,2026-08-08T12:09:21Z,,"fit","23898493188",113.72549,,
i173606380,2026-08-08T06:31:18,"Long w/ 3x10min","Run",4994,14671.52,5170,39.56494,3.611,2.928,true,158,133,88.27431,1013,true,,,,76.15515,82,,5,2.9378293,61.734295,56.584908,,,,,false,false,,,,,3.7735848,,73,82,46,163,137,146,153,162,167,172,190,3255,358,1172,212,0,0,0,,,,,,,,,70.7,false,false,false,5090,600,300,,,,,,,,2026-08-08T04:31:18Z,2026-08-08T05:58:32Z,,"fit","23894320828",96.47059,,
i173278355,2026-08-07T06:26:59,"Social Run","Run",3882,10607.16,6160,57.928284,3.312,2.726,true,151,129,86.44671,735,true,,,,70.0649,54,,2,2.7323956,49.715424,54.575,,,,,false,false,,,,,3.7735848,,51,54,44,163,137,146,153,162,167,172,190,3275,551,68,0,0,0,0,,,,,,,,,70.7,false,false,false,3960,600,300,,,,,,,,2026-08-07T04:26:59Z,2026-08-07T06:10:42Z,,"fit","23882986260",91.52542,,
i172938899,2026-08-06T05:34:18,"Easy","Run",2485,6545.95,2521,42.68046,3.126,2.633,true,134,124,86.049255,452,true,,,,68.66066,33,,2,2.634185,49.057465,54.588856,,,,,false,false,,,,,3.7735848,,28,33,44,163,137,146,153,162,167,172,190,2487,0,0,0,0,0,0,,,,,,,,,70.4,false,false,false,2520,600,300,,,,,,,,2026-08-06T03:34:18Z,2026-08-06T04:18:21Z,,"fit","23869892374",97.05882,,
i172596462,2026-08-05T06:19:09,"9x2","Run",3276,10020.65,3326,86.35132,3.938,3.036,true,161,141,89.43213,697,true,,,,80.59926,60,,1,3.0588067,51.52333,55.109043,,,,,false,false,,,,,3.7735848,,59,60,44,163,137,146,153,162,167,172,190,1264,345,505,1165,0,0,0,,,,,,,,,70.9,false,false,false,3325,600,300,,,,,,,,2026-08-05T04:19:09Z,2026-08-05T05:17:17Z,,"fit","23857365489",92.30769,,
i172327013,2026-08-04T11:46:28,"Z1 ride","Ride",4020,28767.24,4274,36.0,9.135,7.138,true,125,109,,450,,,,,61.740334,43,,2,7.1560297,50.22161,54.991196,,,,,false,false,,250,,,,,43,,41,150,120,133,140,149,153,158,190,3816,219,0,0,0,0,0,,,,,,,,,71.2,false,false,false,4061,1200,600,,,,,,,,2026-08-04T09:46:28Z,2026-08-04T11:02:53Z,,"fit","23847261562",104.87805,,
i172249392,2026-08-04T06:21:48,"easy","Run",3567,9426.61,3783,64.80362,16.002,2.641,true,133,121,87.264626,646,true,,,,68.683655,48,,2,2.6427279,50.22161,54.991196,,,,,false,false,,,,,3.7735848,,39,48,41,163,137,146,153,162,167,172,190,3576,0,0,0,0,0,0,,,,,,,,,71.2,false,false,false,3663,600,300,,,,,,,,2026-08-04T04:21:48Z,2026-08-04T05:33:06Z,,"fit","23844125634",94.117645,,
i171629039,2026-08-02T08:40:37,"Southend-on-Sea Running","Run",2047,5113.12,2048,27.028656,2.706,2.495,true,131,124,86.53696,366,true,,,,66.30745,25,,1,2.4978604,50.710114,55.427673,,,,,false,false,,,,,3.7735848,,22,25,49,163,137,146,153,162,167,172,190,2048,0,0,0,0,0,0,,,,,,,,,71.3,false,false,false,2047,600,300,,,,,,,,2026-08-02T07:40:37Z,2026-08-02T08:17:18Z,,"fit","23820603026",0.0,,
i170996316,2026-07-31T05:41:04,"long","Run",5540,15299.47,5713,27.154728,3.126,2.76,true,141,129,88.012474,1071,true,,,,71.70731,80,,2,2.7616372,63.051888,57.51404,,,,,false,false,,,,,3.7735848,,71,80,47,163,137,146,153,162,167,172,190,5258,287,0,0,0,0,0,,,,,,,,,71.3,false,false,false,5601,600,300,,,,,,,,2026-07-31T04:41:04Z,2026-07-31T06:24:23Z,,"fit","23796696522",101.26582,,
i170662449,2026-07-30T05:54:48,"3x12min","Run",4391,13007.8,4450,54.7122,3.527,2.959,true,160,142,89.828064,936,true,,,,79.74143,78,true,5,2.9623775,60.44925,56.972237,,,,,false,false,,,,,3.7735848,,78,74,46,163,137,146,153,162,167,172,190,1487,884,791,1233,0,0,0,,,,,,,,,71.4,false,false,false,4416,600,300,,,,,,,,2026-07-30T04:54:48Z,2026-07-30T06:17:18Z,,"fit","23784494498",105.4054,,"back to the old stomping ground"
i170290151,2026-07-29T05:28:40,"Easy","Run",3319,9144.82,3388,53.1398,3.172,2.754,true,140,129,87.293976,644,true,,,,71.79924,48,,2,2.7552938,57.754066,56.46557,,,,,false,false,,,,,3.7735848,,43,48,42,163,137,146,153,162,167,172,190,3278,45,0,0,0,0,0,,,,,,,,,70.4,false,false,false,3352,600,300,,,,,,,,2026-07-29T03:28:40Z,2026-07-29T04:26:04Z,,"fit","23771216671",97.95918,,
i169917022,2026-07-28T06:11:19,"Cooldown","Run",864,2311.12,1048,22.831055,3.135,2.672,true,143,135,86.01728,172,true,,,,70.345245,12,,1,2.6749074,59.25195,56.669548,,,,,false,false,,,,,3.7313433,,13,12,44,163,137,146,153,162,167,172,190,524,344,0,0,0,0,0,,,,,,,,,70.5,false,false,false,873,0,0,,,,,,,,2026-07-28T04:11:19Z,2026-07-28T04:30:02Z,,"fit","23757920449",100.0,,
i169913927,2026-07-28T05:44:21,"5k TT (again)","Run",1244,5012.24,1246,13.976185,4.423,4.023,true,177,167,98.46463,334,true,,,,107.54657,40,,10,4.029132,59.25195,56.669548,,,,,false,false,,,,,3.7313433,,38,40,44,163,137,146,153,162,167,172,190,17,10,24,134,266,590,205,,,,,,,,,70.5,false,false,false,1245,0,0,,,,,,,,2026-07-28T03:44:21Z,2026-07-28T04:06:16Z,,"fit","23757818611",97.560974,,
i169909011,2026-07-28T05:17:18,"Warmup","Run",1249,3751.65,1311,13.652312,4.796,2.996,true,163,131,89.36422,269,true,,,,79.44027,22,,3,3.003723,59.25195,56.669548,,,,,false,false,,,,,3.7313433,,17,22,44,163,137,146,153,162,167,172,190,1001,52,99,99,1,0,0,,,,,,,,,70.5,false,false,false,1255,0,0,,,,,,,,2026-07-28T03:17:18Z,2026-07-28T03:41:44Z,,"fit","23757716091",110.0,,
i169569326,2026-07-27T05:25:28,"easy","Run",2469,6560.56,2500,45.2095,3.49,2.654,true,132,123,89.17275,464,true,,,,69.98542,34,,1,2.657173,56.987164,56.25197,,,,,false,false,,,,,3.7313433,,27,34,44,163,137,146,153,162,167,172,190,2471,0,0,0,0,0,0,,,,,,,,,71.4,false,false,false,2499,600,300,,,,,,,,2026-07-27T03:25:28Z,2026-07-27T04:41:35Z,,"fit","23745658124",97.14286,,
i169274682,2026-07-26T09:06:08,"Stellar Social Run","Run",1734,4885.93,1800,37.56102,2.939,2.81,true,141,128,87.04983,348,true,,,,75.61433,28,,2,2.817722,60.517185,56.788136,,,,,false,false,,,,,3.7313433,,21,28,47,163,137,146,153,162,167,172,190,1678,59,0,0,0,0,0,,,,,,,,,71.2,false,false,false,1763,600,300,,,,,,,,2026-07-26T07:06:08Z,2026-07-26T07:37:02Z,,"fit","23734838277",100.0,,
i169072580,2026-07-25T12:04:57,"Z1 Ride","Ride",5317,36156.29,5928,162.0,9.835,6.749,true,135,112,,595,,,,,58.994923,55,,2,6.8001294,65.51069,57.481792,,,,,false,false,,250,,,,,55,,44,155,124,138,145,154,158,163,190,5174,196,0,0,0,0,0,,,,,,,,,70.9,false,false,false,5689,1200,600,,,,,,,,2026-07-25T10:04:57Z,2026-07-25T11:46:37Z,,"fit","23726007944",103.77358,,
i168977338,2026-07-25T06:10:36,"easy","Run",3598,9454.16,3666,68.33495,3.256,2.626,true,137,126,88.43047,661,true,,,,69.37649,49,,1,2.6276155,65.51069,57.481792,,,,,false,false,,,,,3.7313433,,43,49,44,163,137,146,153,162,167,172,190,3604,0,0,0,0,0,0,,,,,,,,,70.9,false,false,false,3665,600,300,,,,,,,,2026-07-25T04:10:36Z,2026-07-25T05:15:30Z,,"fit","23722101296",96.07843,,
i168656944,2026-07-24T05:57:43,"5k TT","Run",1258,5002.4,1262,12.565177,4.507,3.971,true,180,172,98.75733,336,true,,,,105.51787,39,,10,3.9764705,59.60008,56.360924,,,,,false,false,,,,,3.7313433,,43,39,41,163,137,146,153,162,167,172,190,23,5,5,49,95,205,879,,,,,,,,,70.7,false,false,false,1261,0,0,,,,,,,,2026-07-24T03:57:43Z,2026-07-24T04:20:37Z,,"fit","23710544961",97.5,,"Butchered pacing"
i168654343,2026-07-24T05:34:04,"Warmup","Run",1192,3730.2,1209,13.675196,4.068,3.119,true,163,136,91.1384,267,true,,,,80.97093,22,,3,3.1293623,59.60008,56.360924,,,,,false,false,,,,,3.7313433,,19,22,41,163,137,146,153,162,167,172,190,784,193,35,183,1,0,0,,,,,,,,,70.7,false,false,false,1208,0,0,,,,,,,,2026-07-24T03:34:04Z,2026-07-24T03:55:46Z,,"fit","23710450190",115.789474,,
i168298605,2026-07-23T05:33:23,"Easy","Run",2652,7665.67,2785,49.021633,8.864,2.883,true,137,127,89.129364,519,true,,,,76.033035,44,,2,2.8905241,59.385098,56.249146,,,,,false,false,,,,,3.7313433,,32,44,44,163,137,146,153,162,167,172,190,2656,0,0,0,0,0,0,,,,,,,,,71.2,false,false,false,2740,600,300,,,,,,,,2026-07-23T03:33:23Z,2026-07-23T04:22:10Z,,"fit","23698357753",104.7619,,
i167942580,2026-07-22T05:37:26,"8x2","Run",3176,9776.72,3206,87.63454,3.975,3.049,true,159,139,89.58722,691,true,,,,82.775566,61,,6,3.0783122,61.74771,56.544292,,,,,false,false,,,,,3.7313433,,53,61,44,163,137,146,153,162,167,172,190,1385,335,804,650,0,0,0,,,,,,,,,71.5,false,false,false,3205,600,300,,,,,,,,2026-07-22T03:37:26Z,2026-07-22T04:31:47Z,,"fit","23685736297",96.82539,,
i167801134,2026-07-21T17:32:52,"MK Chill Run","Run",1929,5089.08,2085,34.980083,3.06,2.634,true,144,129,84.52755,370,true,,,,70.01189,27,,3,2.638196,61.862534,56.43693,,,,,false,false,,,,,3.7313433,,25,27,42,163,137,146,153,162,167,172,190,1802,131,0,0,0,0,0,,,,,,,,,71.0,false,false,false,1983,600,300,,,,,,,,2026-07-21T15:32:52Z,2026-07-21T16:22:21Z,,"fit","23679826263",108.0,,
i167623237,2026-07-21T05:37:49,"Easy","Run",2006,5665.42,2049,35.435326,3.219,2.815,true,135,123,88.91045,387,true,,,,73.818825,31,,1,2.8242373,61.862534,56.43693,,,,,false,false,,,,,3.7313433,,22,31,42,163,137,146,153,162,167,172,190,2009,0,0,0,0,0,0,,,,,,,,,71.0,false,false,false,2048,600,300,,,,,,,,2026-07-21T03:37:49Z,2026-07-21T06:04:06Z,,"fit","23673141401",100.0,,
i167322257,2026-07-20T05:38:05,"5x6min","Run",2984,9280.11,2998,74.65837,3.872,3.099,true,158,136,89.5842,635,true,,,,83.46836,58,,5,3.1099565,62.455685,56.39927,,,,,false,false,,,,,3.7313433,,46,58,45,163,137,146,153,162,167,172,190,1382,515,940,147,0,0,0,,,,,,,,,71.7,false,false,false,2997,600,300,,,,,,,,2026-07-20T03:38:05Z,2026-07-20T04:45:35Z,,"fit","23660509573",98.305084,,
i167144251,2026-07-19T13:26:54,"Copenhagen Cycling","Ride",4467,30548.45,5339,103.0,10.189,6.812,true,129,105,,476,,,,,51.59332,37,,2,6.8386946,63.139923,56.3607,,,,,false,false,,250,,,,,37,,47,155,124,138,145,154,158,163,190,4426,57,0,0,0,0,0,,,,,,,,,71.6,false,false,false,5004,1200,600,,,,,,,,2026-07-19T11:26:54Z,2026-07-19T13:01:20Z,,"fit","23653844656",88.09524,,"0% chance of rain my arse"
i167049675,2026-07-19T09:09:20,"Stellar Social Run","Run",1734,4928.37,1811,38.13532,3.191,2.838,true,146,133,86.75173,355,true,,,,75.46466,28,,2,2.8421974,63.139923,56.3607,,,,,false,false,,,,,3.7313433,,24,28,47,163,137,146,153,162,167,172,190,1270,468,0,0,0,0,0,,,,,,,,,71.6,false,false,false,1770,600,300,,,,,,,,2026-07-19T07:09:20Z,2026-07-19T07:40:17Z,,"fit","23649824546",100.0,,
i166780850,2026-07-18T07:09:33,"Long w/ 3x11min","Run",5215,15763.76,5350,34.794353,3.704,3.002,true,160,139,90.17513,1117,true,,,,79.11456,93,,4,3.0227728,62.854282,56.152534,,,,,false,false,,,,,3.7313433,,86,93,49,163,137,146,153,162,167,172,190,2524,834,646,1217,0,0,0,,,,,,,,,71.9,false,false,false,5349,600,300,,,,,,,,2026-07-18T05:09:33Z,2026-07-18T06:39:46Z,,"fit","23637787930",101.08696,,
i166556052,2026-07-17T11:50:53,"Easy 2","Run",1954,5007.07,1955,40.00476,2.753,2.561,true,134,125,86.4862,353,true,,,,67.86705,25,,2,2.5624719,58.224957,55.264687,,,,,false,false,,,,,3.7313433,,22,25,47,163,137,146,153,162,167,172,190,1956,0,0,0,0,0,0,,,,,,,,,71.3,false,false,false,1954,600,300,,,,,,,,2026-07-17T09:50:53Z,2026-07-17T10:49:20Z,,"fit","23629055097",92.59259,,
i166494916,2026-07-17T07:05:44,"Easy","Run",1895,5326.19,2215,41.121223,3.247,2.801,true,159,144,85.85308,414,true,,,,73.66271,29,,3,2.8106544,58.224957,55.264687,,,,,false,false,,,,,3.7313433,,36,29,47,163,137,146,153,162,167,172,190,319,441,804,336,0,0,0,,,,,,,,,71.3,false,false,false,1924,600,300,,,,,,,,2026-07-17T05:05:44Z,2026-07-17T06:08:31Z,,"fit","23626756639",103.57143,,
i166183166,2026-07-16T07:30:35,"5x0.8k","Run",2347,7006.6,2375,59.56992,3.854,2.968,true,164,141,88.73339,504,true,,,,79.806,42,,6,2.985343,58.873764,55.29516,,,,,false,false,,,,,3.7313433,,42,42,44,163,137,146,153,162,167,172,190,1044,262,202,820,19,0,0,,,,,,,,,71.0,false,false,false,2374,600,300,38,163,,,,,,2026-07-16T05:30:35Z,2026-07-16T06:22:13Z,,"fit","23615014602",95.454544,,"😵"
i166000868,2026-07-15T16:01:15,"Copenhagen Cycling","Ride",3337,23419.79,3687,81.0,9.545,7.017,true,121,108,,400,,,,,56.540176,31,,3,7.0182166,61.464985,55.61551,,,,,false,false,,250,,,,,31,,45,155,124,138,145,154,158,163,190,3350,0,0,0,0,0,0,,,,,,,,,71.1,false,false,false,3491,1200,600,,,,,,,,2026-07-15T14:01:15Z,2026-07-15T15:03:15Z,,"fit","23608135005",100.0,,
i165830918,2026-07-15T06:01:22,"Easy","Run",2721,7859.64,2805,44.212643,3.415,2.886,true,141,128,88.00994,546,true,,,,75.633835,44,,2,2.8885117,61.464985,55.61551,,,,,false,false,,,,,3.7313433,,34,44,45,163,137,146,153,162,167,172,190,2621,107,0,0,0,0,0,,,,,,,,,71.1,false,false,false,2769,600,300,,,,,,,,2026-07-15T04:01:22Z,2026-07-15T04:50:45Z,,"fit","23602334500",104.7619,,
i165674121,2026-07-14T16:03:48,"Copenhagen Cycling","Ride",3428,24591.6,3816,70.0,9.704,7.168,true,122,109,,418,,,,,57.436653,32,,3,7.1737456,59.386482,55.148434,,,,,false,false,,250,,,,,32,,46,155,124,138,145,154,158,163,190,3435,0,0,0,0,0,0,,,,,,,,,71.7,false,false,false,3492,1200,600,,,,,,,,2026-07-14T14:03:48Z,2026-07-15T06:15:32Z,,"fit","23595814590",103.22581,,
i165480307,2026-07-14T05:35:44,"5x6min","Run",3073,9645.47,3076,85.106255,3.891,3.136,true,158,138,89.626625,657,true,,,,83.81164,60,,5,3.1387796,59.386482,55.148434,,,,,false,false,,,,,3.7313433,,51,60,46,163,137,146,153,162,167,172,190,1341,380,638,717,0,0,0,,,,,,,,,71.7,false,false,false,3075,600,300,,,,,,,,2026-07-14T03:35:44Z,2026-07-14T04:29:04Z,,"fit","23589399650",101.694916,,
i165174920,2026-07-13T06:11:11,"5x6min ST","Run",2395,6503.7,2472,37.67547,5.374,2.71,true,136,128,87.96267,456,true,,,,70.38082,34,,1,2.7155325,54.37819,54.260487,,,,,false,false,,,,,3.7313433,,29,34,49,163,137,146,153,162,167,172,190,2399,0,0,0,0,0,0,,,,,,,,,70.9,false,false,false,2471,600,300,,,,,,,,2026-07-13T04:11:11Z,2026-07-13T04:54:07Z,,"fit","23577205511",100.0,,
i164745152,2026-07-11T14:31:53,"1st ride","Ride",3373,23525.67,3557,45.0,9.293,6.967,true,131,118,,468,,,,,63.03395,38,,3,6.974702,66.338715,56.067852,,,,,false,false,,250,,,,,38,,50,155,124,138,145,154,158,163,190,2397,986,0,0,0,0,0,,,,,,,,,71.0,false,false,false,3443,0,0,,,,,,,,2026-07-11T12:31:53Z,2026-07-15T06:15:32Z,,"fit","23559249984",,,
i164674651,2026-07-11T08:25:08,"easy -> Veja -> easy","Run",5008,13756.15,8706,85.635056,3.294,2.735,true,147,130,86.32673,977,true,,,,71.15275,74,,4,2.7468352,66.338715,56.067852,,,,,false,false,,,,,3.7313433,,65,74,50,163,137,146,153,162,167,172,190,3829,1173,25,0,0,0,0,,,,,,,,,71.0,false,false,false,5262,600,300,,,,,,,,2026-07-11T06:25:08Z,2026-07-11T08:51:40Z,,"fit","23555852318",0.0,,
i164491676,2026-07-10T16:33:04,"MRC","Run",2318,7005.3,3250,62.721718,3.452,3.012,true,144,128,86.872185,457,true,,,,76.50162,41,,5,3.022131,59.32674,54.720154,,,,,false,false,,,,,3.7313433,,29,41,46,163,137,146,153,162,167,172,190,1879,456,0,0,0,0,0,,,,,,,,,71.8,false,false,false,2522,600,300,,,,,,,,2026-07-10T14:33:04Z,2026-07-10T15:30:32Z,,"fit","23548688897",102.5,,
i164357129,2026-07-10T05:35:35,"3x10min ST","Run",2782,8821.46,2823,71.48889,3.658,3.164,true,155,137,90.58834,606,true,,,,84.521416,56,,6,3.1709058,59.32674,54.720154,,,,,false,false,,,,,3.7313433,,45,56,46,163,137,146,153,162,167,172,190,1122,511,1085,65,0,0,0,,,,,,,,,71.8,false,false,false,2822,600,300,,,,,,,,2026-07-10T03:35:35Z,2026-07-10T04:24:56Z,,"fit","23542830793",98.24561,,"stiff"
i164053118,2026-07-09T05:39:35,"Easy","Run",2734,7855.43,2884,49.00241,3.275,2.87,true,138,125,87.26114,531,true,,,,75.62018,44,,2,2.8732371,53.541447,53.701412,,,,,false,false,,,,,3.7313433,,32,44,44,163,137,146,153,162,167,172,190,2732,7,0,0,0,0,0,,,,,,,,,71.7,false,false,false,2770,600,300,,,,,,,,2026-07-09T03:39:35Z,2026-07-09T04:36:12Z,,"fit","23530921520",104.7619,,
i163744209,2026-07-08T05:36:44,"5x6min ST","Run",2952,9603.05,2969,25.068834,4.078,3.251,true,160,141,90.309204,658,true,,,,86.01698,61,,4,3.2530656,55.00668,53.93517,,,,,false,false,,,,,3.7313433,,51,61,45,163,137,146,153,162,167,172,190,1029,676,841,409,0,0,0,,,,,,,,,71.9,false,false,false,2968,600,300,,,,,,,,2026-07-08T03:36:44Z,2026-07-08T04:27:35Z,,"fit","23518392034",101.666664,,
i163571226,2026-07-07T16:33:37,"Afternoon Easy","Run",1772,5005.17,1854,20.945545,3.144,2.818,true,123,116,87.79111,331,true,,,,72.426155,27,,2,2.824588,54.086315,53.764942,,,,,false,false,,,,,3.7313433,,16,27,46,163,137,146,153,162,167,172,190,1781,0,0,0,0,0,0,,,,,,,,,72.0,false,false,false,1853,600,300,,,,,,,,2026-07-07T14:33:37Z,2026-07-07T15:13:00Z,,"fit","23511877654",100.0,,
i163427231,2026-07-07T06:12:26,"Morning Easy","Run",1995,5705.6,2038,36.635845,3.312,2.857,true,126,119,88.57157,384,true,,,,75.20223,32,,2,2.8599498,54.086315,53.764942,,,,,false,false,,,,,3.7313433,,19,32,46,163,137,146,153,162,167,172,190,1999,0,0,0,0,0,0,,,,,,,,,72.0,false,false,false,2037,600,300,,,,,,,,2026-07-07T04:12:26Z,2026-07-07T05:51:33Z,,"fit","23506348476",103.22581,,
i163150230,2026-07-06T10:08:31,"Dear World Run","Run",2352,6508.57,2544,29.669292,3.004,2.761,true,142,130,89.15877,463,true,,,,72.38152,35,,2,2.767249,53.331745,53.6388,,,,,false,false,,,,,3.7313433,,30,35,51,163,137,146,153,162,167,172,190,2146,212,0,0,0,0,0,,,,,,,,,70.9,false,false,false,2405,600,300,,,,,,,,2026-07-06T08:08:31Z,2026-07-06T08:52:53Z,,"fit","23495950234",97.22222,,
i162842205,2026-07-05T10:46:53,"Leftovers","Run",1175,3509.47,1230,12.458589,3.396,2.972,true,142,130,90.16283,242,true,,,,76.54033,20,,2,2.986783,56.14686,54.08791,,,,,false,false,,,,,3.7313433,,15,20,49,163,137,146,153,162,167,172,190,995,183,0,0,0,0,0,,,,,,,,,70.9,false,false,false,1229,0,0,,,,,,,,2026-07-05T08:46:53Z,2026-07-05T09:08:44Z,,"fit","23484960399",105.26316,,
i162824988,2026-07-05T09:10:03,"Stellar Social Run","Run",1794,5046.77,1903,39.237244,3.116,2.807,true,146,132,85.84645,360,true,,,,73.655876,28,,2,2.8131382,56.14686,54.08791,,,,,false,false,,,,,3.7313433,,24,28,49,163,137,146,153,162,167,172,190,1286,513,0,0,0,0,0,,,,,,,,,70.9,false,false,false,1858,600,300,,,,,,,,2026-07-05T07:10:03Z,2026-07-05T07:42:57Z,,"fit","23483991762",100.0,,
i162588369,2026-07-04T11:09:07,"MRC 1st Sat","Run",3414,11094.5,3850,52.62869,4.152,3.244,true,166,147,90.22545,782,true,,,,85.22574,71,,5,3.249707,57.39793,54.2346,,,,,false,false,,,,,3.7313433,,67,71,48,163,137,146,153,162,167,172,190,345,1264,930,811,71,0,0,,,,,,,,,70.8,false,false,false,3519,600,300,,,,,,,,2026-07-04T09:09:07Z,2026-07-04T10:14:26Z,,"fit","23474424513",101.42857,,
i162396788,2026-07-03T16:03:05,"Easy B","Run",1771,5004.01,1883,23.877264,3.312,2.812,true,132,126,88.18988,335,true,,,,71.865974,27,,2,2.825528,55.309128,53.830635,,,,,false,false,,,,,3.7313433,,20,27,48,163,137,146,153,162,167,172,190,1773,0,0,0,0,0,0,,,,,,,,,70.9,false,false,false,1882,600,300,,,,,,,,2026-07-03T14:03:05Z,2026-07-03T14:43:17Z,,"fit","23465809606",100.0,,
i162264470,2026-07-03T06:12:08,"Easy - A","Run",2305,6552.09,2343,39.167767,3.21,2.83,true,138,127,88.3439,453,true,,,,74.38906,36,,2,2.8425553,55.309128,53.830635,,,,,false,false,,,,,3.7313433,,28,36,48,163,137,146,153,162,167,172,190,2306,3,0,0,0,0,0,,,,,,,,,70.9,false,false,false,2342,600,300,,,,,,,,2026-07-03T04:12:08Z,2026-07-03T04:53:00Z,,"fit","23460689471",102.85714,,
i161972719,2026-07-02T05:29:59,"Easy","Run",3318,9253.74,3383,55.78458,3.564,2.785,true,139,128,87.72417,644,true,,,,73.3674,50,,2,2.7889512,54.12808,53.609695,,,,,false,false,,,,,3.7313433,,41,50,46,163,137,146,153,162,167,172,190,3299,23,0,0,0,0,0,,,,,,,,,71.5,false,false,false,3344,600,300,,,,,,,,2026-07-02T03:29:59Z,2026-07-02T07:07:58Z,,"fit","23450149205",102.04082,,
i161669103,2026-07-01T05:29:18,"11x3min ST","Run",3493,10790.57,3511,32.577423,4.031,3.074,true,156,135,89.16772,739,true,,,,81.64966,65,,4,3.0891986,54.76201,53.69667,,,,,false,false,,,,,3.7313433,,54,65,44,163,137,146,153,162,167,172,190,1666,782,913,134,0,0,0,,,,,,,,,71.7,false,false,false,3510,600,300,,,,,,,,2026-07-01T03:29:18Z,2026-07-01T04:33:58Z,,"fit","23437468936",97.01492,,
i161382822,2026-06-30T05:34:10,"Easy","Run",3466,9204.25,3564,52.958515,3.471,2.652,true,123,115,86.78673,607,true,,,,70.0152,48,,2,2.655583,53.18981,53.424313,,,,,false,false,,,,,3.7313433,,29,48,47,163,137,146,153,162,167,172,190,3472,0,0,0,0,0,0,,,,,,,,,71.9,false,false,false,3525,600,300,,,,,,,,2026-06-30T03:34:10Z,2026-06-30T04:36:13Z,,"fit","23425225043",97.95918,,
i161117364,2026-06-29T06:12:51,"4x6min ST","Run",2639,8038.45,2640,26.30118,3.807,3.044,true,147,127,89.49943,535,true,,,,80.07197,47,,5,3.0460212,53.986786,53.55501,,,,,false,false,,,,,3.7313433,,32,47,49,163,137,146,153,162,167,172,190,1850,783,8,0,0,0,0,,,,,,,,,71.6,false,false,false,2639,600,300,,,,,,,,2026-06-29T04:12:51Z,2026-06-29T04:58:42Z,,"fit","23413764724",97.916664,,
i160939296,2026-06-28T12:26:24,"Stellar Social Run","Run",4340,11002.82,4681,87.62632,2.958,2.533,true,144,132,86.61851,798,true,,,,67.92135,57,true,3,2.535212,55.05971,53.712955,,,,,false,false,,,,,3.7313433,,57,55,53,163,137,146,153,162,167,172,190,3495,858,0,0,0,0,0,,,,,,,,,71.5,false,false,false,4448,600,300,,,,,,,,2026-06-28T10:26:24Z,2026-06-28T12:04:58Z,,"fit","23406631818",111.76471,,
i160709346,2026-06-27T11:19:47,"Long Easy","Run",3589,9003.6,3800,71.65277,2.986,2.507,true,148,138,86.60301,673,true,,,,73.61195,55,true,3,2.5086653,54.76175,53.633755,,,,,false,false,,,,,3.7313433,,55,45,52,163,137,146,153,162,167,172,190,1407,2173,15,0,0,0,0,,,,,,,,,71.5,false,false,false,3654,600,300,,,,,,,,2026-06-27T09:19:47Z,2026-06-27T12:09:32Z,,"fit","23394817617",119.565216,,
i160407155,2026-06-26T05:28:25,"6x6min ST","Run",3480,10806.57,3481,42.597244,3.835,3.105,true,164,146,89.92546,771,true,,,,84.486275,69,true,4,3.1053362,54.725163,53.600834,,,,,false,false,,,,,3.7313433,,69,65,48,163,137,146,153,162,167,172,190,850,554,592,1452,34,0,0,,,,,,,,,71.5,false,false,false,3480,600,300,29,163,,,,,,2026-06-26T03:28:25Z,2026-06-26T08:10:32Z,,"fit","23381777453",106.15385,,
i160143583,2026-06-25T05:38:15,"5x3min ST","Run",3275,9234.73,3326,42.516483,4.059,2.797,true,159,138,88.25556,662,true,,,,74.308846,51,,6,2.819765,52.533047,53.229786,,,,,false,false,,,,,3.7313433,,52,51,48,163,137,146,153,162,167,172,190,1388,1150,341,400,0,0,0,,,,,,,,,71.6,false,false,false,3325,600,300,,,,,,,,2026-06-25T03:38:15Z,2026-06-25T04:41:30Z,,"fit","23370898049",80.95238,,"Switched to easy after 5 reps"
i160011394,2026-06-24T16:40:16,"Treadmill Easy","VirtualRun",1796,4610.0,1834,,3.723,2.556,true,131,123,86.14071,291,true,,,,68.65555,24,,2,2.5668151,52.76847,53.283512,,,,true,false,false,,,,,3.7313433,,19,24,50,163,137,146,153,162,167,172,190,1792,0,0,0,0,0,0,,,,,,,,,71.6,false,false,false,1833,600,300,,,,,,,,2026-06-24T14:40:16Z,2026-06-24T15:11:58Z,,"fit","23364904074",100.0,,
i159865941,2026-06-24T06:27:28,"Easy","Run",2091,5779.98,2134,38.35637,3.312,2.761,true,137,129,87.45981,408,true,,,,72.33303,31,,2,2.764218,52.76847,53.283512,,,,,false,false,,,,,3.7313433,,26,31,50,163,137,146,153,162,167,172,190,2095,0,0,0,0,0,0,,,,,,,,,71.6,false,false,false,2133,600,300,,,,,,,,2026-06-24T04:27:28Z,2026-06-24T05:04:54Z,,"fit","23359411461",100.0,,
i159555334,2026-06-23T05:34:59,"5x6min ST","Run",3012,9541.36,3103,33.970734,3.919,3.154,true,160,139,91.00511,655,true,,,,83.191475,59,,6,3.1677823,52.425785,53.242153,,,,,false,false,,,,,3.7313433,,51,59,47,163,137,146,153,162,167,172,190,1249,359,543,863,0,0,0,,,,,,,,,71.5,false,false,false,3069,600,300,,,,,,,,2026-06-23T03:34:59Z,2026-06-23T04:27:38Z,,"fit","23346802596",100.0,,
i159279873,2026-06-22T05:33:30,"Easy","Run",3052,7849.7,3125,47.49392,3.284,2.568,true,121,113,86.811455,523,true,,,,67.89311,40,,2,2.5719857,51.416218,53.103416,,,,,false,false,,,,,3.7313433,,25,40,46,163,137,146,153,162,167,172,190,3056,0,0,0,0,0,0,,,,,,,,,71.5,false,false,false,3124,600,300,,,,,,,,2026-06-22T03:33:30Z,2026-06-22T04:27:49Z,,"fit","23335103167",95.2381,,
i159078059,2026-06-21T10:24:15,"Copenhagen Running","Run",4599,11642.81,5040,88.03389,2.958,2.529,true,130,124,86.19726,815,true,,,,66.99546,58,,1,2.531596,53.16935,53.419147,,,,,false,false,,,,,3.7313433,,47,58,51,163,137,146,153,162,167,172,190,4608,0,0,0,0,0,0,,,,,,,,,71.5,false,false,false,4652,600,300,,,,,,,,2026-06-21T08:24:15Z,2026-06-21T10:33:10Z,,"fit","23327117667",0.0,,
i158905405,2026-06-20T15:50:52,"Long Run","Run",3177,8003.73,3410,67.27459,3.042,2.515,true,149,139,86.02137,598,true,,,,66.198395,40,,2,2.5192728,52.427532,53.30877,,,,,false,false,,,,,3.7313433,,50,40,54,163,137,146,153,162,167,172,190,793,2152,229,0,0,0,0,,,,,,,,,71.5,false,false,false,3286,600,300,,,,,,,,2026-06-20T13:50:52Z,2026-06-20T14:48:42Z,,"fit","23318379456",93.023254,,
i158631508,2026-06-19T15:44:50,"Afternoon Treadmill","VirtualRun",1552,4000.0,1553,,3.07,2.576,true,128,122,86.2574,252,true,,,,69.79351,21,,,2.5773196,54.335968,53.629448,,,,true,false,false,,,,,3.7313433,,16,21,48,163,137,146,153,162,167,172,190,1554,0,0,0,0,0,0,,,,,,,,,71.5,false,false,false,1552,0,0,,,,,,,,2026-06-19T13:44:50Z,2026-06-19T14:11:38Z,,"fit","23306496813",0.0,,
i158505631,2026-06-19T05:34:46,"4x6min ST","Run",2635,8005.83,2669,37.659416,3.928,3.031,true,162,137,89.78429,555,true,,,,79.635605,47,,6,3.0382657,54.335968,53.629448,,,,,false,false,,,,,3.7313433,,43,47,48,163,137,146,153,162,167,172,190,1228,254,549,608,0,0,0,,,,,,,,,71.5,false,false,false,2668,600,300,,,,,,,,2026-06-19T03:34:46Z,2026-06-19T04:20:04Z,,"fit","23301574903",94.0,,"Legs too stiff"
i158259394,2026-06-18T07:47:36,"Easy","Run",2381,6537.73,2492,41.771343,3.406,2.741,true,138,126,87.23532,455,true,,,,70.59542,34,,1,2.7457917,52.23765,53.283188,,,,,false,false,,,,,3.7313433,,28,34,47,163,137,146,153,162,167,172,190,2385,1,0,0,0,0,0,,,,,,,,,71.5,false,false,false,2456,600,300,,,,,,,,2026-06-18T05:47:36Z,2026-06-18T06:36:24Z,,"fit","23290945933",97.14286,,
i157936407,2026-06-17T06:25:23,"Cooldown","Run",857,2215.87,932,17.350277,3.219,2.573,true,143,137,85.901985,167,true,,,,68.118805,12,,2,2.5856128,55.038315,53.74782,,,,,false,false,,,,,3.6231885,,13,12,50,163,137,146,153,162,167,172,190,410,453,0,0,0,0,0,,,,,,,,,71.5,false,false,false,931,0,0,,,,,,,,2026-06-17T04:25:23Z,2026-06-17T04:42:09Z,,"fit","23277820642",92.30769,,
i157934470,2026-06-17T05:58:31,"5k TT","Run",1258,5005.32,1259,14.978501,4.423,3.975,true,180,166,99.3246,333,true,,,,108.31856,41,,10,3.9787915,55.038315,53.74782,,,,,false,false,,,,,3.6231885,,38,41,50,163,137,146,153,162,167,172,190,18,7,30,172,515,310,208,,,,,,,,,71.5,false,false,false,1258,0,0,,,,,,,,2026-06-17T03:58:31Z,2026-06-17T04:20:32Z,,"fit","23277717286",100.0,,
i157932897,2026-06-17T05:34:54,"Warmup","Run",1277,3640.96,1289,17.384941,3.658,2.844,true,152,126,88.55816,259,true,,,,76.61309,21,,2,2.8511825,55.038315,53.74782,,,,,false,false,,,,,3.6231885,,15,21,50,163,137,146,153,162,167,172,190,1041,141,99,0,0,0,0,,,,,,,,,71.5,false,false,false,1288,0,0,,,,,,,,2026-06-17T03:34:54Z,2026-06-17T03:57:46Z,,"fit","23277615339",100.0,,
i157626865,2026-06-16T05:38:56,"Easy","Run",2861,7806.55,3018,48.9459,3.21,2.726,true,135,123,87.4944,534,true,,,,74.85718,45,,2,2.7286088,52.126465,53.259842,,,,,false,false,,,,,3.6231885,,30,45,50,163,137,146,153,162,167,172,190,2865,0,0,0,0,0,0,,,,,,,,,71.5,false,false,false,2891,600,300,,,,,,,,2026-06-16T03:38:56Z,2026-06-16T04:31:38Z,,"fit","23264776657",104.65116,,
i157362988,2026-06-15T05:42:54,"10x400m ST","Run",2523,7250.8,2553,34.129997,4.115,2.868,true,157,133,86.45981,500,true,,,,77.883446,43,,4,2.8738801,53.22084,53.458866,,,,,false,false,,,,,3.6231885,,35,43,53,163,137,146,153,162,167,172,190,1485,382,590,68,0,0,0,,,,,,,,,71.5,false,false,false,2552,600,300,,,,,,,,2026-06-15T03:42:54Z,2026-06-15T04:26:25Z,,"fit","23252804439",95.55556,,
i157125158,2026-06-14T10:47:35,"Stellar Social Run","Run",1917,5003.9,2001,27.80478,3.172,2.606,true,145,136,87.2166,378,true,,,,69.7137,27,,2,2.6102765,54.790405,53.710876,,,,,false,false,,,,,3.6231885,,28,27,54,163,137,146,153,162,167,172,190,889,1034,0,0,0,0,0,,,,,,,,,71.5,false,false,false,2000,600,300,,,,,,,,2026-06-14T08:47:35Z,2026-06-14T09:21:51Z,,"fit","23243350917",93.10345,,
i156823452,2026-06-13T06:23:16,"Long w/ 3x11min ST","Run",5184,15003.3,5259,41.85378,3.583,2.893,true,158,138,88.51072,1072,true,,,,78.8973,90,,4,2.894155,59.05804,54.35448,,,,,false,false,,,,,3.6231885,,82,90,51,163,137,146,153,162,167,172,190,3017,457,937,779,0,0,0,,,,,,,,,71.5,false,false,false,5205,600,300,,,,,,,,2026-06-13T04:23:16Z,2026-06-13T05:54:33Z,,"fit","23229676250",101.1236,,
i156574981,2026-06-12T07:26:57,"Easy","Run",3282,8757.06,3484,42.830963,3.275,2.66,true,138,132,87.12977,624,true,,,,71.41676,48,,2,2.6682084,54.30644,53.495594,,,,,false,false,,,,,3.6231885,,42,48,54,163,137,146,153,162,167,172,190,3282,6,0,0,0,0,0,,,,,,,,,71.5,false,false,false,3388,600,300,,,,,,,,2026-06-12T05:26:57Z,2026-06-12T06:29:17Z,,"fit","23219423683",96.0,,
i156256471,2026-06-11T05:39:51,"10x3min ST","Run",3346,10070.96,3365,37.260284,4.078,2.997,true,158,137,88.03869,696,true,,,,82.10952,63,,6,3.0098505,55.274887,53.62801,,,,,false,false,,,,,3.6231885,,52,63,51,163,137,146,153,162,167,172,190,1567,624,722,435,0,0,0,,,,,,,,,71.5,false,false,false,3364,600,300,,,,,,,,2026-06-11T03:39:51Z,2026-06-11T04:37:00Z,,"fit","23207339172",100.0,,
i155953779,2026-06-10T05:40:34,"Easy","Run",3380,9234.89,3407,50.37676,3.648,2.731,true,136,127,86.42367,658,true,,,,74.8457,53,,2,2.732216,54.08858,53.40219,,,,,false,false,,,,,3.6231885,,40,53,47,163,137,146,153,162,167,172,190,3384,0,0,0,0,0,0,,,,,,,,,71.5,false,false,false,3406,600,300,,,,,,,,2026-06-10T03:40:34Z,2026-06-10T04:55:15Z,,"fit","23195421969",106.0,,
i155588655,2026-06-09T05:42:19,"5x6min ST","Run",3064,9502.39,3065,37.69874,4.059,3.1,true,160,139,88.82892,661,true,,,,83.961945,60,,4,3.1013021,54.25575,53.41188,,,,,false,false,,,,,3.6231885,,52,60,48,163,137,146,153,162,167,172,190,1292,350,711,713,0,0,0,,,,,,,,,71.5,false,false,false,3064,600,300,,,,,,,,2026-06-09T03:42:19Z,2026-06-09T04:34:25Z,,"fit","23182731042",100.0,,
i155200591,2026-06-08T05:42:19,"Easy","Run",3565,9212.15,3677,53.620827,3.042,2.58,true,127,119,86.51181,626,true,,,,70.42758,50,,2,2.5840535,53.373634,53.25314,,,,,false,false,,,,,3.6231885,,34,50,47,163,137,146,153,162,167,172,190,3567,0,0,0,0,0,0,,,,,,,,,71.5,false,false,false,3629,600,300,,,,,,,,2026-06-08T03:42:19Z,2026-06-08T05:03:30Z,,"fit","23170867234",100.0,,
i154967296,2026-06-07T09:33:30,"Copenhagen Running","Run",2985,8166.72,3057,46.225647,3.266,2.734,true,148,138,86.95294,614,true,,,,74.40866,47,,3,2.7359197,53.89171,53.331524,,,,,false,false,,,,,3.6231885,,45,47,52,163,137,146,153,162,167,172,190,1366,1621,6,0,0,0,0,,,,,,,,,71.5,false,false,false,3056,600,300,,,,,,,,2026-06-07T07:33:30Z,2026-06-07T08:25:19Z,,"fit","23159771829",0.0,,
i154719150,2026-06-06T07:17:40,"Long with 3x10min ST","Run",6563,18003.45,6583,42.04236,3.527,2.743,true,160,140,87.67044,1307,true,,,,75.05695,103,,3,2.7431738,54.950035,53.484085,,,,,false,false,,,,,3.6231885,,108,103,53,163,137,146,153,162,167,172,190,2617,2242,455,1255,0,0,0,,,,,,,,,71.5,false,false,false,6582,600,300,,,,,,,,2026-06-06T05:17:40Z,2026-06-06T07:08:30Z,,"fit","23147142958",100.0,,
i154558068,2026-06-05T14:35:59,"Copenhagen Running","Run",832,2108.55,875,7.5456023,2.902,2.533,true,152,143,86.05168,166,true,,,,68.74254,11,,4,2.5343149,47.571243,52.29099,,,,,false,false,,,,,3.6231885,,15,11,53,163,137,146,153,162,167,172,190,156,416,263,0,0,0,0,,,,,,,,,71.5,false,false,false,838,0,0,,,,,,,,2026-06-05T12:35:59Z,2026-06-05T12:51:51Z,,"fit","23139322545",0.0,,
i154140636,2026-06-04T05:44:45,"11x3min ST","Run",3578,10753.25,3585,46.65284,4.012,3.003,true,158,137,88.55624,742,true,,,,82.03603,67,,5,3.0053802,53.187305,53.285904,,,,,false,false,,,,,3.6231885,,59,67,47,162,136,145,152,161,166,171,190,1665,485,645,785,0,0,0,,,,,,,,,71.5,false,false,false,3584,600,300,,,,,,,,2026-06-04T03:44:45Z,2026-06-04T04:47:27Z,,"fit","23123507784",98.52941,,
i153803088,2026-06-03T05:37:00,"Easy","Run",3403,9176.93,3561,51.70202,3.182,2.689,true,133,123,86.68842,623,true,,,,72.231514,51,,2,2.6967175,51.06616,52.95546,,,,,false,false,,,,,3.6231885,,37,51,47,162,136,145,152,161,166,171,190,3407,0,0,0,0,0,0,,,,,,,,,71.5,false,false,false,3519,600,300,,,,,,,,2026-06-03T03:37:00Z,2026-06-03T04:38:40Z,,"fit","23111298573",102.0,,
i153324166,2026-06-02T05:40:17,"5x6min ST","Run",2939,9020.26,2995,27.669245,3.882,3.061,true,157,138,89.34901,617,true,,,,83.26123,57,,4,3.0691595,51.076317,53.002575,,,,,false,false,,,,,3.6231885,,50,57,47,162,136,145,152,161,166,171,190,1198,326,869,549,0,0,0,,,,,,,,,71.5,false,false,false,2960,600,300,,,,,,,,2026-06-02T03:40:17Z,2026-06-02T04:31:11Z,,"fit","23098639733",95.0,,
i153067992,2026-06-01T05:35:44,"Easy","Run",3612,9206.48,3683,54.527344,3.051,2.548,true,129,120,86.24453,629,true,,,,69.53795,49,,2,2.5488596,50.166645,52.906258,,,,,false,false,,,,,3.6231885,,36,49,50,162,136,145,152,161,166,171,190,3616,0,0,0,0,0,0,,,,,,,,,71.5,false,false,false,3648,600,300,,,,,,,,2026-06-01T03:35:44Z,2026-06-01T04:45:09Z,,"fit","23086605540",0.0,,
i152865499,2026-05-31T10:10:34,"Easy","Run",1588,4105.04,1652,19.586605,2.902,2.581,true,142,136,85.215996,308,true,,,,69.26105,22,,2,2.5850377,50.345802,53.00038,,,,,false,false,,,,,3.6231885,,23,22,53,162,136,145,152,161,166,171,190,791,802,0,0,0,0,0,,,,,,,,,71.5,false,false,false,1651,0,0,,,,,,,,2026-05-31T08:10:34Z,2026-05-31T08:39:25Z,,"fit","23076044824",0.0,,
i152858205,2026-05-31T09:11:16,"Hangover Easy","Run",1757,5134.41,1835,41.574936,3.163,2.915,true,158,145,86.52219,387,true,,,,80.268005,32,,4,2.9222596,50.345802,53.00038,,,,,false,false,,,,,3.6231885,,33,32,53,162,136,145,152,161,166,171,190,154,605,776,226,0,0,0,,,,,,,,,71.5,false,false,false,1788,600,300,,,,,,,,2026-05-31T07:11:16Z,2026-05-31T08:01:09Z,,"fit","23075592819",68.085106,,
i152638461,2026-05-30T06:43:43,"Long Easy","Run",5758,15135.5,5842,95.95922,3.247,2.628,true,143,132,85.423294,1086,true,,,,71.52316,83,,2,2.6286037,49.784645,52.976295,,,,,false,false,,,,,3.6231885,,78,83,52,162,136,145,152,161,166,171,190,5064,689,0,0,0,0,0,,,,,,,,,71.5,false,false,false,5841,600,300,,,,,,,,2026-05-30T04:43:43Z,2026-05-30T06:24:50Z,,"fit","23063065311",95.4023,,
i152408693,2026-05-29T07:07:14,"KSO run","Run",1640,4950.47,1647,38.56897,3.546,3.013,true,158,147,86.97746,375,true,,,,83.65874,32,,3,3.0185795,44.68393,52.25287,,,,,false,false,,,,,3.6231885,,33,32,50,162,136,145,152,161,166,171,190,51,415,827,349,0,0,0,,,,,,,,,71.5,false,false,false,1646,0,0,,,,,,,,2026-05-29T05:07:14Z,2026-05-29T05:36:14Z,,"fit","23051801428",103.22581,,
i152127389,2026-05-28T05:43:15,"11x3min ST","Run",3581,10709.53,3582,40.0543,3.938,2.989,true,161,142,87.25938,762,true,,,,81.45562,66,,6,2.9906535,46.631737,52.740868,,,,,false,false,,,,,3.6231885,,65,66,48,162,136,145,152,161,166,171,190,1333,513,526,1211,0,0,0,,,,,,,,,71.5,false,false,false,3581,600,300,,,,,,,,2026-05-28T03:43:15Z,2026-05-28T04:45:33Z,,"fit","23039417292",97.05882,,
i151809854,2026-05-27T05:44:37,"Easy","Run",3392,9003.64,3459,46.60791,3.079,2.653,true,134,124,85.78816,624,true,,,,72.14791,50,,2,2.6543748,43.65745,52.421387,,,,,false,false,,,,,3.6231885,,39,50,46,162,136,145,152,161,166,171,190,3398,0,0,0,0,0,0,,,,,,,,,71.5,false,false,false,3458,600,300,,,,,,,,2026-05-27T03:44:37Z,2026-05-27T04:44:59Z,,"fit","23026905517",100.0,,
i151510955,2026-05-26T05:46:36,"5x6min ST","Run",3024,9003.97,3025,28.462109,3.835,2.977,true,155,135,88.045395,621,true,,,,80.91736,55,,5,2.9775033,42.68346,52.47973,,,,,false,false,,,,,3.6231885,,46,55,49,162,136,145,152,161,166,171,190,1356,451,1096,123,0,0,0,,,,,,,,,71.5,false,false,false,3024,600,300,,,,,,,,2026-05-26T03:46:36Z,2026-05-26T04:39:02Z,,"fit","23014462181",90.16393,,
i151271747,2026-05-25T09:34:44,"Easy","Run",2414,6007.62,2472,28.641602,3.284,2.486,true,132,126,84.824646,423,true,,,,67.204094,31,,2,2.488658,40.792072,52.419003,,,,,false,false,,,,,3.6231885,,27,31,51,162,136,145,152,161,166,171,190,2421,0,0,0,0,0,0,,,,,,,,,71.5,false,false,false,2471,600,300,,,,,,,,2026-05-25T07:34:44Z,2026-05-25T08:18:03Z,,"fit","23003470102",88.57143,,"Hungover"
i150997063,2026-05-24T09:06:09,"Stellar Social Run","Run",1967,5126.61,2095,45.295868,2.902,2.602,true,148,139,83.623344,386,true,,,,70.8867,28,,2,2.606309,42.29579,52.935097,,,,,false,false,,,,,3.6231885,,32,28,47,162,136,145,152,161,166,171,190,327,1556,87,0,0,0,0,,,,,,,,,71.5,false,false,false,2006,600,300,,,,,,,,2026-05-24T07:06:09Z,2026-05-24T07:42:55Z,,"fit","22991141325",96.55173,,
i150766174,2026-05-23T10:08:04,"Long Run","Run",4797,11418.62,5334,64.91489,3.154,2.378,true,147,135,83.92669,820,true,,,,64.998695,57,,3,2.3803668,44.491123,53.535915,,,,,false,false,,,,,3.6231885,,68,57,54,162,136,145,152,161,166,171,190,2338,2455,13,0,0,0,0,,,,,,,,,71.5,false,false,false,4857,600,300,,,,,,,,2026-05-23T08:08:04Z,2026-05-23T09:42:07Z,,"fit","22980835107",80.28169,,
i150484843,2026-05-22T06:29:08,"Cooldown","Run",908,2226.28,1008,20.086674,4.161,2.44,true,144,137,84.6108,174,true,,,,70.15081,13,,2,2.4518502,42.570198,53.452446,,,,,false,false,,,,,3.5460992,,14,13,52,161,135,144,151,160,165,170,190,195,717,0,0,0,0,0,,,,,,,,,71.5,false,false,false,951,0,0,,,,,,,,2026-05-22T04:29:08Z,2026-05-22T04:47:06Z,,"fit","22967284944",118.181816,,
i150483319,2026-05-22T06:01:47,"Frederiksberg Running","Run",1297,5006.17,1301,14.970112,4.115,3.855,true,182,169,97.76502,340,true,,,,107.84605,42,,10,3.8598073,42.570198,53.452446,,,,,false,false,,,,,3.5460992,,44,42,52,161,135,144,151,160,165,170,190,15,14,19,52,134,395,670,,,,,,,,,71.5,false,false,false,1300,0,0,,,,,,,,2026-05-22T04:01:47Z,2026-05-22T04:24:42Z,,"fit","22967184830",100.0,,
i150480722,2026-05-22T05:44:17,"Warmup","Run",968,2694.17,982,9.991292,3.779,2.781,true,152,129,88.40664,195,true,,,,76.62611,16,,2,2.7832334,42.570198,53.452446,,,,,false,false,,,,,3.5460992,,13,16,52,161,135,144,151,160,165,170,190,851,98,19,3,0,0,0,,,,,,,,,71.5,false,false,false,981,0,0,,,,,,,,2026-05-22T03:44:17Z,2026-05-22T04:01:44Z,,"fit","22967094931",88.888885,,
i150178415,2026-05-21T05:50:06,"Easy","Run",3527,9110.51,3583,51.259697,3.331,2.581,true,136,126,85.60958,640,true,,,,71.59349,51,,2,2.5830762,38.204376,53.029633,,,,,false,false,,,,,3.5460992,,42,51,50,161,135,144,151,160,165,170,190,3522,10,0,0,0,0,0,,,,,,,,,71.5,false,false,false,3582,600,300,,,,,,,,2026-05-21T03:50:06Z,2026-05-21T04:52:17Z,,"fit","22955548658",98.07692,,
i149900300,2026-05-20T06:12:53,"4x6min ST","Run",2433,7199.62,2472,31.286396,9.947,2.938,true,159,139,88.570404,513,true,,,,82.7492,47,,6,2.9591534,36.239414,53.078537,,,,,false,false,,,,,3.5460992,,43,47,50,161,135,144,151,160,165,170,190,988,165,462,819,0,0,0,,,,,,,,,70.999,false,false,false,2471,600,300,,,,,,,,2026-05-20T04:12:53Z,2026-05-20T04:55:44Z,,"fit","22943563251",92.15686,,
i149557560,2026-05-19T06:03:11,"Easy","Run",2976,7807.02,3190,51.333702,4.908,2.609,true,138,127,84.54484,541,true,,,,71.59758,44,,2,2.6233265,34.586964,53.225002,,,,,false,false,,,,,3.5460992,,35,44,53,161,135,144,151,160,165,170,190,2928,51,0,0,0,0,0,,,,,,,,,70.999,false,false,false,3090,600,300,,,,,,,,2026-05-19T04:03:11Z,2026-05-19T04:58:45Z,,"fit","22931149844",118.91892,,
i148667728,2026-05-16T06:42:54,"Easy","Run",3097,8000.4,3214,37.8625,3.247,2.58,true,137,130,86.1969,570,true,,,,70.85621,44,,2,2.5832741,44.10173,56.053963,,,,,false,false,,,,,3.5460992,,41,44,49,161,135,144,151,160,165,170,190,2909,196,0,0,0,0,0,,,,,,,,,70.999,false,false,false,3155,600,300,,,,,,,,2026-05-16T04:42:54Z,2026-05-16T05:38:29Z,,"fit","22896420663",,,
i148362428,2026-05-15T06:47:30,"Easy","Run",2204,5506.34,2241,27.670374,6.821,2.495,true,133,126,84.74977,387,true,,,,69.43651,30,,2,2.4983394,44.11735,56.344406,,,,,false,false,,,,,3.5460992,,26,30,50,161,135,144,151,160,165,170,190,2209,0,0,0,0,0,0,,,,,,,,,70.999,false,false,false,2240,600,300,,,,,,,,2026-05-15T04:47:30Z,2026-05-15T05:26:42Z,,"fit","22885707172",,,
i148041193,2026-05-14T06:34:28,"Easy (?)","Run",1809,4507.38,1825,18.389595,3.322,2.488,true,134,123,86.63213,317,true,,,,68.82472,24,,2,2.4916418,46.285282,56.97918,,,,,false,false,,,,,3.5460992,,20,24,49,161,135,144,151,160,165,170,190,1811,0,0,0,0,0,0,,,,,,,,,70.999,false,false,false,1824,600,300,,,,,,,,2026-05-14T04:34:28Z,2026-05-14T05:06:37Z,,"fit","22874015863",,,"My quads are still on the floor somewhere on the CPH course in frederiskberg"
i146983895,2026-05-10T10:09:19,"CPH Marathon","Run",14360,42762.51,14361,226.96423,3.751,2.978,true,158,149,92.28583,3119,true,,,,83.93192,281,,10,2.9778907,76.304184,62.051476,,,,,false,false,,,,,3.5460992,,279,281,53,164,138,147,154,163,168,173,190,37,4196,9842,287,0,0,0,,,,,,,,,70.999,false,false,false,14360,600,300,,,,,,,,2026-05-10T08:09:19Z,2026-05-10T14:26:00Z,,"fit","22833379813",0.0,,
i146630394,2026-05-09T07:34:04,"Shakeout","Run",1335,3391.6,1336,19.693045,3.312,2.538,true,141,133,84.09573,247,true,,,,69.67017,18,,2,2.5405245,44.870075,56.77586,,,,,false,false,,,,,3.5460992,,18,18,51,164,138,147,154,163,168,173,190,1159,176,0,0,0,0,0,,,,,,,,,70.999,false,false,false,1335,0,0,,,,,,,,2026-05-09T05:34:04Z,2026-05-09T06:00:15Z,,"fit","22815559246",85.71429,,
i146371821,2026-05-08T06:15:11,"Easy","Run",2217,5802.92,2268,37.779514,3.77,2.614,true,137,128,85.26911,415,true,,,,71.285385,32,,2,2.617465,48.99638,57.710175,,,,,false,false,,,,,3.5460992,,26,32,51,164,138,147,154,163,168,173,190,2220,0,0,0,0,0,0,,,,,,,,,70.999,false,false,false,2267,600,300,,,,,,,,2026-05-08T04:15:11Z,2026-05-08T05:45:51Z,,"fit","22804417104",100.0,,
i146088886,2026-05-07T06:04:49,"15min ST","Run",2061,5962.41,2073,30.159761,3.49,2.892,true,153,136,88.95192,436,true,,,,80.178375,37,,3,2.8929696,51.60643,58.329666,,,,,false,false,,,,,3.5460992,,31,37,48,164,138,147,154,163,168,173,190,1167,489,408,0,0,0,0,,,,,,,,,70.999,false,false,false,2072,600,300,,,,,,,,2026-05-07T04:04:49Z,2026-05-07T04:40:01Z,,"fit","22792497740",100.0,,"Final sub-threshold before CPH marathon"
i145811385,2026-05-06T06:00:45,"Easy","Run",2488,6557.67,2553,40.542896,4.955,2.623,true,141,128,85.21927,482,true,,,,72.24566,37,,2,2.6357195,53.849464,58.84361,,,,,false,false,,,,,3.5460992,,30,37,48,164,138,147,154,163,168,173,190,2461,30,0,0,0,0,0,,,,,,,,,70.999,false,false,false,2552,600,300,,,,,,,,2026-05-06T04:00:45Z,2026-05-06T04:45:20Z,,"fit","22780708196",100.0,,
i145503452,2026-05-05T05:51:52,"15min ST","Run",2145,6230.8,2147,32.576084,3.518,2.902,true,150,134,90.14725,461,true,,,,80.88513,39,,3,2.9048018,56.436954,59.369934,,,,,false,false,,,,,3.5460992,,30,39,49,164,138,147,154,163,168,173,190,1300,797,49,0,0,0,0,,,,,,,,,70.999,false,false,false,2146,600,300,,,,,,,,2026-05-05T03:51:52Z,2026-05-05T04:29:04Z,,"fit","22768309360",105.4054,,
i145222520,2026-05-04T05:44:29,"Easy","Run",2532,6591.78,2597,39.334557,3.032,2.599,true,145,135,87.43877,492,true,,,,72.174995,37,,2,2.6033885,59.11466,59.860752,,,,,false,false,,,,,3.5460992,,36,37,49,164,138,147,154,163,168,173,190,2027,509,0,0,0,0,0,,,,,,,,,70.999,false,false,false,2557,600,300,,,,,,,,2026-05-04T03:44:29Z,2026-05-04T04:30:23Z,,"fit","22756416424",100.0,,
i144945480,2026-05-03T06:10:58,"Easy Crosstrain","VirtualRide",4501,,4530,,,0.0,true,135,127,,672,,,,,70.765305,63,,3,,62.510696,60.411587,,,,true,false,false,,250,,,,,63,,51,155,124,138,145,154,158,163,190,762,3741,0,0,0,0,0,,,,,,,,,70.999,false,false,false,4529,1200,600,,,,,,,,2026-05-03T04:10:58Z,2026-07-15T06:15:32Z,,"fit","22744674345",118.86793,,
i144707592,2026-05-02T06:47:10,"Copenhagen - Easy","Ride",5485,33869.04,5589,56.0,8.416,6.172,true,141,127,,792,,,,,71.089966,77,,3,6.1748476,62.43556,60.34922,,,,,false,false,,250,,,,,77,,49,155,124,138,145,154,158,163,190,1532,3913,47,0,0,0,0,,,,,,,,,70.999,false,false,false,5485,1200,600,,,,,,,,2026-05-02T04:47:10Z,2026-07-15T06:15:32Z,,"fit","22733211742",122.22222,,
i144456251,2026-05-01T05:50:53,"Cross train - Easy","VirtualRide",3601,,3688,,,0.0,true,135,124,,553,,,,,69.109474,48,,2,,60.19897,59.948017,,,,true,false,false,,250,,,,,48,,48,155,124,138,145,154,158,163,190,1044,2560,0,0,0,0,0,,,,,,,,,70.999,false,false,false,3618,1200,600,,,,,,,,2026-05-01T03:50:53Z,2026-07-15T06:15:32Z,,"fit","22720632872",126.31579,,
i144224140,2026-04-30T06:19:47,"Progressive","Run",4307,12463.36,4317,73.07254,3.527,2.893,true,159,145,89.35417,940,true,,,,81.17533,79,,,2.8937452,62.072304,60.23591,,,,false,false,false,,,,,3.5460992,,79,79,48,164,138,147,154,163,168,173,191,701,2016,1288,306,0,0,0,,,,,,,,,70.999,false,false,false,4316,600,300,,,,,,,,2026-04-30T04:19:47Z,2026-04-30T05:41:54Z,,"fit","22709757718",97.53086,,
i143913479,2026-04-29T06:00:04,"Easy","Run",2936,7812.07,3074,48.049934,3.06,2.653,true,139,130,90.908195,576,true,,,,73.047714,45,,,2.6607866,59.4728,59.783783,,,,false,false,false,,,,,3.5460992,,37,45,50,164,138,147,154,163,168,173,191,2943,3,0,0,0,0,0,,,,,,,,,70.999,false,false,false,3036,600,300,,,,,,,,2026-04-29T04:00:04Z,2026-04-29T04:55:59Z,,"fit","22697557892",102.27273,,
i143578180,2026-04-28T06:01:28,"Easy","Run",2987,7904.06,3094,45.18738,13.539,2.637,true,135,127,89.50571,559,true,,,,72.83212,45,,,2.6461535,61.695316,60.140003,,,,false,false,false,,,,,3.5460992,,34,45,49,164,138,147,154,163,168,173,191,2992,0,0,0,0,0,0,,,,,,,,,70.999,false,false,false,3054,600,300,,,,,,,,2026-04-28T04:01:28Z,2026-04-28T06:34:40Z,,"fit","22685555870",100.0,,
i143289866,2026-04-27T05:58:16,"Easy","Run",2513,6504.24,2536,41.2191,3.284,2.587,true,133,124,91.03023,463,true,,,,71.50123,36,,2,2.5882373,64.25913,60.504807,,,,,false,false,,,,,3.5460992,,26,36,52,164,138,147,154,163,168,173,191,2516,0,0,0,0,0,0,,,,,,,,,71.0,false,false,false,2535,600,300,,,,,,,,2026-04-27T03:58:16Z,2026-04-27T07:14:40Z,,"fit","22673885198",97.297295,,
i142989083,2026-04-26T06:34:50,"10km MP ST","Run",5323,15016.01,5464,81.184555,3.322,2.819,true,149,133,92.52855,1054,true,,,,78.32285,92,,,2.8209674,68.59875,61.095257,,,,false,false,false,,,,,3.5460992,,72,92,50,164,138,147,154,163,168,173,191,3384,1891,55,0,0,0,0,,,,,,,,,71.0,false,false,false,5399,600,300,,,,,,,,2026-04-26T04:34:50Z,2026-04-26T06:11:16Z,,"fit","22660976388",100.0,,
i142712188,2026-04-25T06:22:17,"Easy","Run",3319,9004.99,3435,54.0693,3.172,2.706,true,134,125,88.93791,626,true,,,,75.82729,54,,1,2.7131636,65.005135,60.3506,,,,,false,false,,,,,3.5460992,,35,54,51,164,138,147,154,163,168,173,191,3322,0,0,0,0,0,0,,,,,,,,,70.8,false,false,false,3381,600,300,,,,,,,,2026-04-25T04:22:17Z,2026-04-25T05:22:36Z,,"fit","22648989012",103.84615,,
i142464044,2026-04-24T06:26:28,"5x15min ST","Run",7592,22039.68,7650,45.8841,3.406,2.901,true,153,139,90.04002,1568,true,,,,80.88283,139,,,2.9030137,66.69514,60.50362,,,,false,false,false,,,,,3.5460992,,121,139,47,164,138,147,154,163,168,173,191,3201,2256,2141,0,0,0,0,,,,,,,,,70.8,false,false,false,7649,600,300,,,,,,,,2026-04-24T04:26:28Z,2026-04-24T06:48:01Z,,"fit","22638592408",97.88732,,
i142183051,2026-04-23T05:58:33,"Easy","Run",3443,9105.14,3543,50.58196,3.2,2.636,true,133,125,89.68292,640,true,,,,73.01927,52,,,2.6445367,55.591644,58.612232,,,,false,false,false,,,,,3.5460992,,37,52,49,164,138,147,154,163,168,173,191,3447,0,0,0,0,0,0,,,,,,,,,70.8,false,false,false,3511,600,300,,,,,,,,2026-04-23T03:58:33Z,2026-04-23T05:19:14Z,,"fit","22626130376",100.0,,
i141915512,2026-04-22T05:55:59,"Easy","Run",2594,6603.33,2619,43.842953,3.014,2.544,true,137,125,86.97452,468,true,,,,70.35868,36,,,2.5456169,56.143196,58.771557,,,,false,false,false,,,,,3.5460992,,28,36,50,164,138,147,154,163,168,173,191,2593,0,0,0,0,0,0,,,,,,,,,70.8,false,false,false,2618,600,300,,,,,,,,2026-04-22T03:55:59Z,2026-04-22T05:26:25Z,,"fit","22613896440",94.73684,,
i141614962,2026-04-21T06:03:40,"Easy","Run",2618,6566.31,2694,43.480347,3.051,2.504,true,133,124,86.94642,462,true,,,,69.37202,36,,,2.5081398,59.236485,59.320244,,,,false,false,false,,,,,3.5460992,,28,36,49,164,138,147,154,163,168,173,191,2617,0,0,0,0,0,0,,,,,,,,,70.8,false,false,false,2693,600,300,,,,,,,,2026-04-21T04:03:40Z,2026-04-21T05:21:51Z,,"fit","22601190918",94.73684,,
i141314041,2026-04-20T05:52:28,"Easy","Run",2252,5707.55,2303,35.48362,2.976,2.527,true,129,118,88.33111,390,true,,,,69.62728,31,,2,2.534436,62.804794,59.88215,,,,,false,false,,,,,3.5460992,,20,31,51,164,138,147,154,163,168,173,191,2253,0,0,0,0,0,0,,,,,,,,,70.8,false,false,false,2302,600,300,,,,,,,,2026-04-20T03:52:28Z,2026-04-20T04:58:51Z,,"fit","22589487565",96.875,,
i141073785,2026-04-19T09:02:49,"Royal Copenhagen Half Marathon","Run",6180,21248.85,6181,59.080948,3.994,3.438,true,177,160,97.218864,1518,true,,,,96.23999,159,,10,3.4383252,67.688896,60.57807,,,,,false,false,,,,,3.5460992,,156,159,50,164,138,147,154,163,168,173,191,20,9,41,5755,262,32,63,,,,,,,,,70.6,false,false,false,6180,600,300,19,177,,,,,,2026-04-19T07:02:49Z,2026-04-19T08:47:40Z,,"fit","22579169346",0.0,,
i141043251,2026-04-19T08:26:03,"Warmup","Run",886,2096.47,888,0.0,3.247,2.36,true,147,131,88.13914,153,true,,,,66.81682,11,,1,2.366219,67.688896,60.57807,,,,,false,false,,,,,3.5460992,,11,11,50,164,138,147,154,163,168,173,191,794,94,0,0,0,0,0,,,,,,,,,70.6,false,false,false,887,0,0,,,,,,,,2026-04-19T06:26:03Z,2026-04-19T06:43:33Z,,"fit","22577995294",0.0,,
i140773880,2026-04-18T06:34:04,"Easy","Run",2143,5530.07,2154,26.093044,2.986,2.577,true,137,126,87.90794,397,true,,,,71.996284,31,,,2.5805273,51.977493,57.941525,,,,false,false,false,,,,,3.5460992,,24,31,48,164,138,147,154,163,168,173,191,2141,0,0,0,0,0,0,,,,,,,,,70.6,false,false,false,2153,600,300,,,,,,,,2026-04-18T04:34:04Z,2026-04-18T05:18:10Z,,"fit","22565709462",96.875,,
i140524353,2026-04-17T05:49:47,"easy","Run",2298,5814.15,2336,36.46433,2.93,2.526,true,129,121,86.073135,401,true,,,,69.133514,31,,2,2.5300913,55.198902,58.590687,,,,,false,false,,,,,3.5460992,,22,31,49,164,138,147,154,163,168,173,191,2301,0,0,0,0,0,0,,,,,,,,,70.6,false,false,false,2335,600,300,,,,,,,,2026-04-17T03:49:47Z,2026-04-17T04:30:52Z,,"fit","22554520420",96.875,,
i140239748,2026-04-16T05:51:15,"4x5min ST","Run",2240,6681.1,2273,24.661251,3.592,2.98,true,156,137,91.97841,478,true,,,,82.543205,43,,4,2.982634,58.915005,59.25549,,,,,false,false,,,,,3.5460992,,35,43,47,164,138,147,154,163,168,173,191,1112,471,632,28,0,0,0,,,,,,,,,70.6,false,false,false,2272,600,300,,,,,,,,2026-04-16T03:51:15Z,2026-04-16T04:29:54Z,,"fit","22542609905",93.478264,,
i139931772,2026-04-15T05:49:42,"Easy","Run",3096,7803.38,3212,47.607624,3.042,2.511,true,138,124,86.38047,551,true,,,,68.6208,42,,2,2.5204716,61.358994,59.64717,,,,,false,false,,,,,3.5460992,,34,42,47,164,138,147,154,163,168,173,191,3099,0,0,0,0,0,0,,,,,,,,,70.6,false,false,false,3211,600,300,,,,,,,,2026-04-15T03:49:42Z,2026-04-15T04:45:42Z,,"fit","22530600256",95.454544,,
i139617170,2026-04-14T05:50:34,"8x3min ST","Run",2739,8207.86,2756,29.862537,3.779,2.988,true,154,137,92.22512,584,true,,,,83.22013,53,,,2.996663,64.331856,60.072384,,,,false,false,false,,,,,3.5460992,,42,53,48,164,138,147,154,163,168,173,191,1357,741,643,0,0,0,0,,,,,,,,,70.6,false,false,false,2755,600,300,,,,,,,,2026-04-14T03:50:34Z,2026-04-14T04:38:43Z,,"fit","22518154119",94.64286,,
i139332034,2026-04-13T05:47:01,"Easy","Run",3045,7805.76,3182,50.123062,3.686,2.55,true,130,121,87.94392,534,true,,,,70.135376,43,,,2.563468,66.07203,60.242794,,,,false,false,false,,,,,3.5460992,,29,43,49,164,138,147,154,163,168,173,191,3049,0,0,0,0,0,0,,,,,,,,,70.6,false,false,false,3147,600,300,,,,,,,,2026-04-13T03:47:01Z,2026-04-13T04:44:08Z,,"fit","22506738883",97.72727,,
i139047110,2026-04-12T06:43:35,"Easy","Run",2521,6533.58,2790,38.97972,3.452,2.589,true,131,120,87.9996,451,true,,,,71.430824,36,,2,2.5916622,69.61508,60.658264,,,,,false,false,,,,,3.5460992,,24,36,52,164,138,147,154,163,168,173,191,2523,0,0,0,0,0,0,,,,,,,,,70.6,false,false,false,2540,600,300,,,,,,,,2026-04-12T04:43:35Z,2026-04-12T05:32:38Z,,"fit","22495206579",92.30769,,
i138826792,2026-04-11T06:28:31,"Copenhagen - 30km LR","Run",11068,30006.89,11241,104.49711,3.434,2.708,true,157,137,89.006615,2112,true,,,,75.3048,176,,7,2.7111394,74.77718,61.25241,,,,,false,false,,,,,3.5460992,,170,176,46,164,138,147,154,163,168,173,191,7148,888,2835,206,0,0,0,,,,,,,,,70.5,false,false,false,11173,600,300,,,,,,,,2026-04-11T04:28:31Z,2026-04-11T07:37:21Z,,"fit","22484381590",93.61702,,
i138569923,2026-04-10T05:54:28,"Easy","Run",2994,7803.16,3121,46.204575,2.948,2.592,true,135,125,88.77479,550,true,,,,70.43819,43,,,2.606266,59.232903,58.48754,,,,false,false,false,,,,,3.5460992,,33,43,45,164,138,147,154,163,168,173,191,2999,0,0,0,0,0,0,,,,,,,,,70.5,false,false,false,3120,600,300,,,,,,,,2026-04-10T03:54:28Z,2026-04-10T04:52:32Z,,"fit","22473010353",93.478264,,
i138302305,2026-04-09T06:00:53,"6x3min ST","Run",2337,7005.71,2358,30.023373,4.124,2.993,true,157,138,92.99957,506,true,,,,82.90443,45,,4,2.9977365,61.725708,58.860718,,,,,false,false,,,,,3.5460992,,37,45,49,164,138,147,154,163,168,173,191,1179,419,701,40,0,0,0,,,,,,,,,70.5,false,false,false,2357,600,300,,,,,,,,2026-04-09T04:00:53Z,2026-04-09T04:41:11Z,,"fit","22461157695",95.74468,,
i138006823,2026-04-08T06:02:16,"Easy","Run",3544,9105.9,3614,57.638035,3.434,2.56,true,134,123,86.82702,651,true,,,,71.28569,51,,1,2.569385,64.29419,59.194695,,,,,false,false,,,,,3.5460992,,38,51,46,164,138,147,154,163,168,173,191,3547,0,0,0,0,0,0,,,,,,,,,70.5,false,false,false,3613,600,300,,,,,,,,2026-04-08T04:02:16Z,2026-04-08T05:03:54Z,,"fit","22447968454",98.07692,,
i137765133,2026-04-07T06:00:35,"5x6min ST","Run",3120,9529.41,3121,33.48347,3.788,3.054,true,154,137,92.81514,675,true,,,,85.25978,63,,5,3.0542982,66.33571,59.392147,,,,,false,false,,,,,3.5460992,,47,63,49,164,138,147,154,163,168,173,191,1459,832,830,0,0,0,0,,,,,,,,,70.5,false,false,false,3120,600,300,,,,,,,,2026-04-07T04:00:35Z,2026-04-07T04:53:26Z,,"fit","22434793160",98.4375,,
i137514456,2026-04-06T06:52:16,"Easy","Run",2518,6501.18,2525,41.702362,3.312,2.581,true,138,121,88.667595,452,true,,,,71.65687,36,,1,2.5818825,66.84795,59.305214,,,,,false,false,,,,,3.5460992,,24,36,51,164,138,147,154,163,168,173,191,2521,0,0,0,0,0,0,,,,,,,,,70.5,false,false,false,2524,600,300,,,,,,,,2026-04-06T04:52:16Z,2026-04-06T05:36:20Z,,"fit","22422289874",97.297295,,
i137314589,2026-04-05T06:41:29,"Copenhagen - Long Easy","Run",10819,27003.43,10965,119.837944,3.144,2.494,true,139,130,88.5378,1933,true,,,,69.73576,147,,3,2.4959266,71.58512,59.86676,,,,,false,false,,,,,3.5460992,,132,147,50,164,138,147,154,163,168,173,191,10812,12,0,0,0,0,0,,,,,,,,,70.5,false,false,false,10882,600,300,,,,,,,,2026-04-05T04:41:29Z,2026-04-05T07:50:44Z,,"fit","22412513178",96.710526,,"Wind made it feel like a fat kid was on my back at points"
i137059523,2026-04-04T06:59:46,"4x5min ST","Run",2339,6818.76,2340,13.689932,3.63,2.913,true,161,143,88.12253,500,true,,,,81.3524,43,,,2.9152458,60.00404,57.767265,,,,false,false,false,,,,,3.5460992,,42,43,50,164,138,147,154,163,168,173,191,1001,250,392,698,0,0,0,,,,,,,,,70.4,false,false,false,2339,600,300,,,,,,,,2026-04-04T04:59:46Z,2026-04-04T05:47:35Z,,"fit","22400476412",91.489365,,
i136829396,2026-04-03T06:35:23,"Easy","Run",3610,9154.15,3649,51.474476,3.154,2.535,true,135,126,88.29015,656,true,,,,70.942894,51,,2,2.5357757,62.615265,58.123085,,,,,false,false,,,,,3.5460992,,41,51,48,164,138,147,154,163,168,173,191,3610,0,0,0,0,0,0,,,,,,,,,70.4,false,false,false,3648,600,300,,,,,,,,2026-04-03T04:35:23Z,2026-04-03T05:38:57Z,,"fit","22389579593",98.07692,,
i136605297,2026-04-02T06:52:16,"7x3min ST","Run",2398,7323.47,2406,27.52766,3.826,3.051,true,152,134,90.53205,508,true,,,,84.764565,48,,,3.0539908,64.398964,58.294716,,,,false,false,false,,,,,3.5460992,,34,48,47,164,138,147,154,163,168,173,191,1288,706,407,0,0,0,0,,,,,,,,,70.4,false,false,false,2405,600,300,,,,,,,,2026-04-02T04:52:16Z,2026-04-02T05:34:31Z,,"fit","22378812172",97.95918,,
i136356138,2026-04-01T06:06:10,"Easy","Run",2195,5707.18,2219,41.24938,3.088,2.597,true,131,122,87.66941,398,true,,,,72.0685,32,,1,2.6000822,66.91727,58.54277,,,,,false,false,,,,,3.5460992,,22,32,48,164,138,147,154,163,168,173,191,2199,0,0,0,0,0,0,,,,,,,,,70.4,false,false,false,2218,600,300,,,,,,,,2026-04-01T04:06:10Z,2026-04-01T04:45:56Z,,"fit","22367485675",100.0,,
i136073332,2026-03-31T06:05:01,"3x18min ST","Run",5351,16014.07,5429,107.58551,4.749,2.99,true,153,137,91.10203,1118,true,,,,83.0516,104,,,2.992725,72.279335,59.182323,,,,false,false,false,,,,,3.5460992,,84,104,46,164,138,147,154,163,168,173,191,2337,1308,1711,0,0,0,0,,,,,,,,,70.4,false,false,false,5428,600,300,,,,,,,,2026-03-31T04:05:01Z,2026-03-31T05:47:04Z,,"fit","22356052806",94.545456,,
i135818858,2026-03-30T06:05:49,"Easy","Run",2226,5749.59,2288,35.047775,2.986,2.581,true,129,122,87.57697,397,true,,,,70.973,32,,1,2.5829244,67.40815,58.102432,,,,,false,false,,,,,3.5460992,,22,32,50,164,138,147,154,163,168,173,191,2228,0,0,0,0,0,0,,,,,,,,,70.4,false,false,false,2287,600,300,,,,,,,,2026-03-30T04:05:49Z,2026-03-30T04:45:42Z,,"fit","22344688252",100.0,,
i135590996,2026-03-29T07:57:47,"Copenhagen - Long Easy","Run",10321,26506.28,10507,95.01254,3.508,2.566,true,140,126,87.76147,1856,true,,,,71.21713,147,,3,2.5681891,72.845604,58.731377,,,,,false,false,,,,,3.5460992,,118,147,48,164,138,147,154,163,168,173,191,10326,3,0,0,0,0,0,,,,,,,,,70.4,false,false,false,10434,600,300,,,,,,,,2026-03-29T05:57:47Z,2026-03-29T09:21:59Z,,"fit","22335178326",100.0,,
i135324535,2026-03-28T08:12:23,"Parkrun - 25min SubT","Run",3686,10622.81,4656,61.18012,3.77,2.879,true,161,137,88.37738,768,true,,,,80.47923,67,,4,2.8819342,61.458088,56.604523,,,,,false,false,,,,,3.5460992,,57,67,48,164,138,147,154,163,168,173,191,2209,157,1050,274,0,0,0,,,,,,,,,70.9,false,false,false,3724,600,300,,,,,,,,2026-03-28T07:12:23Z,2026-03-28T08:31:44Z,,"fit","22323376309",101.51515,,
i135079232,2026-03-27T06:06:03,"Easy","Run",2224,5765.8,2276,43.928314,3.191,2.577,true,135,125,87.61954,410,true,,,,71.159935,32,,1,2.592536,60.607044,56.354042,,,,,false,false,,,,,3.5460992,,25,32,47,164,138,147,154,163,168,173,191,2224,0,0,0,0,0,0,,,,,,,,,70.9,false,false,false,2275,600,300,,,,,,,,2026-03-27T05:06:03Z,2026-03-27T05:47:47Z,,"fit","22312642069",100.0,,
i134850658,2026-03-26T06:02:59,"8x3min ST","Run",2885,8679.08,2886,120.0,3.9,3.007,true,158,141,88.48197,629,true,,,,85.80337,59,,5,3.0083466,65.000084,56.940857,,,,,false,false,,,,,3.5460992,,49,59,45,164,138,147,154,163,168,173,191,1252,520,724,391,0,0,0,,,,,,,,,70.9,false,false,false,2885,600,300,,,,,,,,2026-03-26T05:02:59Z,2026-03-26T05:52:02Z,,"fit","22302139837",103.50877,,
i134620144,2026-03-25T06:07:14,"Easy","Run",2286,5788.46,2373,82.0,3.35,2.528,true,134,125,85.558395,408,true,,,,70.224686,32,,,2.5321348,65.921486,56.891243,,,,false,false,false,,,,,3.5460992,,25,32,47,164,138,147,154,163,168,173,191,2290,0,0,0,0,0,0,,,,,,,,,70.9,false,false,false,2336,600,300,,,,,,,,2026-03-25T05:07:14Z,2026-03-25T06:55:26Z,,"fit","22291489668",100.0,,
i134353352,2026-03-24T06:00:18,"3x15min ST","Run",4703,14158.37,4788,226.0,3.863,3.001,true,158,141,90.526474,1009,true,,,,87.04799,100,,4,3.0104976,71.13064,57.491005,,,,,false,false,,,,,3.5460992,,81,100,46,164,138,147,154,163,168,173,191,1908,423,2076,297,0,0,0,,,,,,,,,70.9,false,false,false,4751,600,300,,,,,,,,2026-03-24T05:00:18Z,2026-03-24T06:24:48Z,,"fit","22279200105",106.38298,,
i134092558,2026-03-23T05:58:35,"Easy","Run",2193,5705.65,2262,80.0,3.023,2.597,true,130,122,86.97709,399,true,,,,73.070694,33,,,2.6017556,66.69731,56.46674,,,,false,false,false,,,,,3.5460992,,22,33,48,164,138,147,154,163,168,173,191,2198,0,0,0,0,0,0,,,,,,,,,70.9,false,false,false,2225,600,300,,,,,,,,2026-03-23T04:58:35Z,2026-03-23T05:39:30Z,,"fit","22267486306",103.125,,
i133856337,2026-03-22T06:34:17,"Copenhagen - Long Easy","Run",9897,25004.29,10095,250.0,3.135,2.523,true,140,129,86.32976,1766,true,,,,72.15223,145,,3,2.5264513,71.87204,57.032177,,,,,false,false,,,,,3.4965036,,121,145,50,164,138,147,154,163,168,173,191,9831,75,0,0,0,0,0,,,,,,,,,70.9,false,false,false,10027,600,300,,,,,,,,2026-03-22T05:34:17Z,2026-03-22T08:29:16Z,,"fit","22256411427",104.31654,,
i133649190,2026-03-21T08:14:53,"Easy + Parkrun SubT","Run",3711,10618.4,4483,134.0,4.171,2.859,true,160,139,88.5367,777,true,,,,82.76902,71,,3,2.8613312,60.642147,54.91257,,,,,false,false,,,,,3.4965036,,60,71,48,164,138,147,154,163,168,173,191,2123,122,923,547,0,0,0,,,,,,,,,71.1,false,false,false,3731,600,300,,,,,,,,2026-03-21T07:14:53Z,2026-03-21T08:31:12Z,,"fit","22245173189",105.970146,,
i133406584,2026-03-20T06:02:22,"Easy","Run",2697,6972.92,2743,88.0,3.238,2.582,true,134,123,87.04086,493,true,,,,73.36847,41,,1,2.5854356,59.051544,54.52494,,,,,false,false,,,,,3.4965036,,29,41,47,164,138,147,154,163,168,173,191,2700,0,0,0,0,0,0,,,,,,,,,71.1,false,false,false,2742,600,300,,,,,,,,2026-03-20T05:02:22Z,2026-03-20T05:58:51Z,,"fit","22233859444",117.14286,,
i133145283,2026-03-19T05:57:04,"10x3min ST","Run",3293,10071.09,3341,134.0,10.273,3.051,true,156,139,90.189995,714,true,,,,88.09358,72,,5,3.0583327,61.823627,54.850826,,,,,false,false,,,,,3.4965036,,54,72,46,164,138,147,154,163,168,173,191,1392,699,1158,45,0,0,0,,,,,,,,,71.1,false,false,false,3340,600,300,,,,,,,,2026-03-19T04:57:04Z,2026-03-19T05:53:42Z,,"fit","22222368993",105.882355,,
i132906949,2026-03-18T06:20:32,"Easy","Run",2704,6927.64,2753,80.0,2.967,2.56,true,133,123,87.2731,492,true,,,,73.23505,41,,2,2.5619972,60.26089,54.437614,,,,,false,false,,,,,3.4965036,,29,41,47,164,138,147,154,163,168,173,191,2708,0,0,0,0,0,0,,,,,,,,,71.1,false,false,false,2752,600,300,,,,,,,,2026-03-18T05:20:32Z,2026-03-18T06:09:51Z,,"fit","22210856923",117.14286,,
i132637364,2026-03-17T05:58:05,"2x15min ST","Run",3113,9456.26,3122,130.0,3.704,3.036,true,155,137,90.81575,652,true,,,,87.25219,66,,3,3.0376678,63.21869,54.7614,,,,,false,false,,,,,3.4965036,,42,66,50,170,143,152,160,169,174,179,191,1529,1497,90,0,0,0,0,,,,,,,,,71.1,false,false,false,3121,600,300,,,,,,,,2026-03-17T04:58:05Z,2026-03-17T05:51:19Z,,"fit","22198966070",106.451614,,
i132354491,2026-03-16T06:10:04,"Easy","Run",2715,6921.77,2775,78.0,3.219,2.545,true,145,123,86.85187,483,true,,,,72.04901,40,,1,2.549455,62.791576,54.4906,,,,,false,false,,,,,3.4965036,,24,40,48,170,143,152,160,169,174,179,191,2690,30,0,0,0,0,0,,,,,,,,,71.1,false,false,false,2774,600,300,,,,,,,,2026-03-16T05:10:04Z,2026-03-16T06:02:42Z,,"fit","22188273700",108.10811,,
i132107396,2026-03-15T06:35:08,"Copenhagen - Long Easy","Run",9656,23766.71,9753,236.0,5.244,2.46,true,140,130,85.26231,1681,true,,,,70.855545,136,,1,2.4613411,66.291565,54.839756,,,,,false,false,,,,,3.4965036,,106,136,49,170,143,152,160,169,174,179,191,9666,0,0,0,0,0,0,,,,,,,,,71.1,false,false,false,9752,600,300,,,,,,,,2026-03-15T05:35:08Z,2026-03-15T08:25:06Z,,"fit","22177714347",107.93651,,
i131867923,2026-03-14T09:32:05,"Cooldown","Run",294,720.73,309,10.0,2.921,2.399,true,148,142,86.24662,59,true,,,,,4,,1,2.4514625,55.58679,52.884182,,,,,false,false,,,,,3.5714285,,4,4,49,170,143,152,160,169,174,179,191,152,144,0,0,0,0,0,,,,,,,,,71.5,false,false,false,308,0,0,,,,,,,,2026-03-14T08:32:05Z,2026-03-14T08:38:05Z,,"fit","22167002752",0.0,,
i131865950,2026-03-14T09:05:39,"Fælledparken Park Run","Run",1352,5105.96,1353,60.0,4.031,3.774,true,174,165,95.86055,346,true,,,,108.240364,44,,8,3.7765975,55.58679,52.884182,,,,,false,false,,,,,3.5714285,,34,44,49,170,143,152,160,169,174,179,191,24,12,101,973,243,0,0,,,,,,,,,71.5,false,false,false,1352,0,0,,,,,,,,2026-03-14T08:05:39Z,2026-03-14T08:30:19Z,,"fit","22166941421",0.0,,
i131858403,2026-03-14T07:49:08,"Warmup","Run",1790,4626.17,3342,47.428574,4.852,2.57,true,160,130,88.48383,337,true,,,,71.32291,26,,,2.5844524,55.58679,52.884182,,,,false,false,false,,,,,3.5714285,,20,26,49,170,143,152,160,169,174,179,191,1623,87,84,0,0,0,0,,,,,,,,,71.5,false,false,false,1840,600,300,,,,,,,,2026-03-14T06:49:08Z,2026-03-14T07:46:54Z,,"fit","22166628360",0.0,,
i131639456,2026-03-13T06:18:35,"Easy","Run",2729,6934.61,2789,96.0,3.275,2.541,true,137,127,86.29345,492,true,,,,70.04815,38,,1,2.541081,52.759163,52.375393,,,,,false,false,,,,,3.5714285,,28,38,46,170,143,152,160,169,174,179,191,2732,0,0,0,0,0,0,,,,,,,,,71.5,false,false,false,2788,600,300,,,,,,,,2026-03-13T05:18:35Z,2026-03-13T06:12:34Z,,"fit","22156264102",97.4359,,
i131396454,2026-03-12T06:17:40,"5x6min ST","Run",3104,9468.94,3106,122.0,3.807,3.048,true,157,143,89.30592,676,true,,,,88.13692,67,,4,3.0505607,55.025654,52.72177,,,,,false,false,,,,,3.4965036,,48,67,46,170,143,152,160,169,174,179,191,1343,971,791,0,0,0,0,,,,,,,,,71.5,false,false,false,3105,600,300,,,,,,,,2026-03-12T05:17:40Z,2026-03-12T06:10:20Z,,"fit","22145504564",108.064514,,
i131125379,2026-03-11T06:20:07,"Easy","Run",2737,6751.91,2838,64.0,2.958,2.461,true,135,126,84.50256,479,true,,,,69.93536,38,,2,2.4669018,53.186813,52.377735,,,,,false,false,,,,,3.4965036,,27,38,49,170,143,152,160,169,174,179,191,2741,0,0,0,0,0,0,,,,,,,,,71.5,false,false,false,2797,600,300,,,,,,,,2026-03-11T05:20:07Z,2026-03-11T06:10:16Z,,"fit","22134301061",97.4359,,
i130855173,2026-03-10T06:15:41,"8x3min ST","Run",2825,8321.16,2826,106.0,4.096,2.944,true,157,141,89.033134,596,true,,,,82.9543,54,true,,2.9455435,55.51898,52.72417,,,,false,false,false,,,,,3.4129694,,41,59,51,170,143,152,160,169,174,179,191,1425,1129,272,0,0,0,0,,,,,,,,,71.5,false,false,false,2825,600,300,,,,,,,,2026-03-10T05:15:41Z,2026-03-10T15:03:35Z,,"fit","22122255636",100.0,,
i130595493,2026-03-09T06:20:31,"Recovery","Run",2710,6500.45,2780,70.0,3.042,2.394,true,133,124,84.546394,453,true,,,,69.68498,37,,2,2.3986902,55.75224,52.693428,,,,,false,false,,,,,3.4129694,,24,37,51,170,143,152,160,169,174,179,191,2713,0,0,0,0,0,0,,,,,,,,,71.5,false,false,false,2743,600,300,,,,,,,,2026-03-09T05:20:31Z,2026-03-09T06:09:29Z,,"fit","22110775436",94.871796,,
i130378589,2026-03-08T09:31:00,"Nike Spring 10k","Run",2875,10158.73,2876,160.0,4.087,3.532,true,178,170,93.31418,708,true,,,,101.330284,82,,9,3.5334716,58.631927,53.071564,,,,,false,false,,,,,3.5714285,,94,82,49,163,137,146,153,162,167,172,191,13,5,12,35,216,1876,720,,,,,,,,,71.5,false,false,false,2875,600,300,,,,,,,,2026-03-08T08:31:00Z,2026-08-23T13:46:00Z,,"fit","22099962476",0.0,,"Fucked the pacing by overestimating my fitness. Still pleased with my first 10k time."
i130368829,2026-03-08T09:10:11,"Warmup 2","Run",318,869.61,328,10.0,4.712,2.694,true,161,139,89.32399,66,true,,,,,5,,1,2.7346225,58.631927,53.071564,,,,,false,false,,,,,3.5714285,,5,5,49,163,137,146,153,162,167,172,191,160,80,10,70,0,0,0,,,,,,,,,71.5,false,false,false,327,0,0,,,,,,,,2026-03-08T08:10:11Z,2026-08-23T13:46:06Z,,"fit","22099362140",0.0,,
i130367749,2026-03-08T08:39:20,"Warmup 1","Run",1430,3558.8,1431,48.0,4.544,2.487,true,163,132,86.53701,254,true,,,,70.95749,20,,1,2.4886713,58.631927,53.071564,,,,,false,false,,,,,3.5714285,,20,20,49,163,137,146,153,162,167,172,191,1193,134,9,93,3,0,0,,,,,,,,,71.5,false,false,false,1430,0,0,,,,,,,,2026-03-08T07:39:20Z,2026-08-23T13:46:12Z,,"fit","22099279819",0.0,,
i130119379,2026-03-07T06:52:29,"Easy","Run",2698,6751.06,2730,52.0,2.948,2.5,true,138,129,85.11577,489,true,,,,68.91293,36,,1,2.5022461,51.204285,51.772144,,,,,false,false,,,,,3.5714285,,33,36,48,163,137,146,153,162,167,172,191,2701,1,0,0,0,0,0,,,,,,,,,71.5,false,false,false,2729,600,300,,,,,,,,2026-03-07T05:52:29Z,2026-08-23T13:46:17Z,,"fit","22087735850",100.0,,
i129893949,2026-03-06T06:21:58,"Easy","Run",2684,6910.91,2878,88.0,3.49,2.558,true,135,127,86.546135,489,true,,,,69.34289,38,,1,2.5748549,53.53913,52.152176,,,,,false,false,,,,,3.5714285,,31,38,52,163,137,146,153,162,167,172,191,2684,0,0,0,0,0,0,,,,,,,,,71.4,false,false,false,2845,600,300,,,,,,,,2026-03-06T05:21:58Z,2026-08-23T13:46:21Z,,"fit","22077549831",105.55556,,
i129645754,2026-03-05T06:21:42,"Easy","Run",2976,7650.44,3274,88.0,3.35,2.55,true,137,127,87.24038,534,true,,,,69.18327,42,,1,2.5707123,55.925396,52.493176,,,,,false,false,,,,,3.5714285,,35,42,51,163,137,146,153,162,167,172,191,2983,0,0,0,0,0,0,,,,,,,,,71.4,false,false,false,3159,600,300,,,,,,,,2026-03-05T05:21:42Z,2026-08-23T13:46:27Z,,"fit","22066517882",116.666664,,"New shoes: Adidas Boston 13"
i129365924,2026-03-04T06:14:35,"5x6min ST","Run",3354,9835.08,3372,138.0,3.807,2.93,true,162,145,87.616806,718,true,,,,82.67265,64,,,2.9323435,58.06385,52.74601,,,,false,false,false,,,,,3.5714285,,63,64,52,163,137,146,153,162,167,172,191,1207,404,379,1366,0,0,0,,,,,,,,,71.4,false,false,false,3371,600,300,,,,,,,,2026-03-04T05:14:35Z,2026-08-23T13:46:31Z,,"fit","22054800852",101.5873,,"Last reps before 10k Sunday"
i129093852,2026-03-03T06:16:36,"Easy","Run",3582,8749.58,3811,98.0,2.911,2.428,true,139,127,86.68215,606,true,,,,65.69168,45,,,2.4426522,57.152264,52.474842,,,,false,false,false,,,,,3.5714285,,41,45,53,163,137,146,153,162,167,172,191,3560,31,0,0,0,0,0,,,,,,,,,71.4,false,false,false,3754,600,300,,,,,,,,2026-03-03T05:16:36Z,2026-08-23T13:46:35Z,,"fit","22042967526",91.83673,,
i128840975,2026-03-02T06:12:51,"Recovery easy","Run",2694,6464.51,2827,80.0,2.818,2.394,true,135,124,87.001495,447,true,,,,66.54596,34,,1,2.3995953,59.018425,52.65495,,,,,false,false,,,,,3.5714285,,29,34,53,163,137,146,153,162,167,172,191,2699,0,0,0,0,0,0,,,,,,,,,71.4,false,false,false,2764,600,300,,,,,,,,2026-03-02T05:12:51Z,2026-08-23T13:46:45Z,,"fit","22031840327",94.44444,,
i128607638,2026-03-01T06:57:23,"Copenhagen - Long Easy","Run",8987,23101.42,9196,250.0,4.208,2.567,true,139,129,87.71942,1639,true,,,,72.07342,132,,3,2.5705373,62.86038,53.104446,,,,,false,false,,,,,3.5714285,,108,132,54,163,137,146,153,162,167,172,191,8971,27,0,0,0,0,0,,,,,,,,,71.4,false,false,false,9148,600,300,,,,,,,,2026-03-01T05:57:23Z,2026-08-23T13:46:54Z,,"fit","22021223164",107.31707,,
i128372169,2026-02-28T07:01:17,"2x10min ST","Run",2995,8294.2,3000,92.0,4.078,2.764,true,159,137,89.800674,595,true,,,,79.7629,53,,,2.769349,52.242954,51.203438,,,,false,false,false,,,,,3.5335689,,47,53,55,163,137,146,153,162,167,172,191,1730,270,415,581,0,0,0,,,,,,,,,71.4,false,false,false,2999,600,300,,,,,,,,2026-02-28T06:01:17Z,2026-08-23T13:47:00Z,,"fit","22009801299",89.830505,,"Calf still tight so had to leave final rep"
i128126713,2026-02-27T06:10:09,"Easy","Run",2532,6375.43,2645,64.0,3.051,2.516,true,136,126,86.6099,454,true,,,,70.56111,36,,2,2.5179424,52.126698,51.16015,,,,,false,false,,,,,3.5335689,,29,36,53,163,137,146,153,162,167,172,191,2537,0,0,0,0,0,0,,,,,,,,,71.4,false,false,false,2603,600,300,,,,,,,,2026-02-27T05:10:09Z,2026-08-23T13:47:16Z,,"fit","21999476152",100.0,,
17528159652,2026-02-26T05:52:55,"7x3min ST","Run",3170,8958.7,3387,14.000002,4.42,2.826,true,160,138,87.478836,758,,,,,77.410995,53,,,2.8260884,54.603195,51.525436,,,,false,false,false,,,,,3.5335689,,50,53,54,163,137,146,153,162,167,172,191,1855,254,401,655,0,0,0,,,,,,,,,70.6,false,false,false,3184,600,300,,,,,,,,2026-02-26T04:52:55Z,2026-08-23T13:47:21Z,"(GMT+01:00) Europe/Berlin",,"activity_21988650780.gpx",91.37931,,"Cut short as calf felt tight and foot was cramping. Hamburg still level 0 but they do have a nice lake"
i127689893,2026-02-25T05:50:07,"Easy","Run",3317,8486.42,3429,169.0,3.63,2.556,true,139,126,86.82027,608,true,,,,74.27814,52,,2,2.5584624,54.849392,51.489906,,,,,false,false,,,,,3.5335689,,36,52,55,163,137,146,153,162,167,172,191,3312,13,0,0,0,0,0,,,,,,,,,70.6,false,false,false,3393,600,300,,,,,,,,2026-02-25T04:50:07Z,2026-08-23T13:47:25Z,,"fit","21977146743",115.55556,,"The centre of Hamburg gives Southend a run for its money"
i127422397,2026-02-24T06:44:19,"5x6min ST","Run",3075,9187.46,3076,200.0,4.022,2.987,true,162,143,88.27023,654,true,,,,87.23392,65,,4,2.9877918,55.28696,51.477615,,,,,false,false,,,,,3.5335689,,56,65,48,163,137,146,153,162,167,172,191,1031,399,545,1102,0,0,0,,,,,,,,,70.6,false,false,false,3075,600,300,,,,,,,,2026-02-24T05:44:19Z,2026-08-23T13:47:49Z,,"fit","21965974565",104.83871,,
i127173368,2026-02-23T05:59:56,"Easy","Run",2507,6384.36,2621,58.0,3.06,2.531,true,138,131,86.86562,471,true,,,,69.34811,35,,2,2.5466135,53.79538,51.15179,,,,,false,false,,,,,3.5335689,,32,35,53,163,137,146,153,162,167,172,191,2497,16,0,0,0,0,0,,,,,,,,,70.6,false,false,false,2620,600,300,,,,,,,,2026-02-23T04:59:56Z,2026-08-23T13:47:53Z,,"fit","21955064877",102.94118,,
i126713123,2026-02-21T06:40:59,"Long Easy w/ 10min ST","Run",7365,19030.17,7705,222.0,3.527,2.578,true,156,132,88.95042,1339,true,,,,72.58301,111,,4,2.5838656,65.38602,52.78286,,,,,false,false,,,,,3.5335689,,98,111,51,163,137,146,153,162,167,172,191,6691,153,232,300,0,0,0,,,,,,,,,70.6,false,false,false,7585,600,300,,,,,,,,2026-02-21T05:40:59Z,2026-08-23T13:47:57Z,,"fit","21934471741",105.71429,,
i126484372,2026-02-20T06:19:59,"Easy","Run",4303,10848.38,4564,158.0,3.163,2.511,true,134,124,88.33169,753,true,,,,70.774124,62,,2,2.52112,58.38131,51.380104,,,,,false,false,,,,,3.5335689,,44,62,54,164,138,147,154,163,168,173,191,4309,0,0,0,0,0,0,,,,,,,,,70.6,false,false,false,4456,600,300,,,,,,,,2026-02-20T05:19:59Z,2026-08-23T13:48:02Z,,"fit","21924447113",106.89655,,
i126254746,2026-02-19T07:00:26,"Treadmill 6x6min ST","Run",4063,11120.0,4209,,3.527,2.647,true,162,143,85.80399,804,true,,,,77.9368,71,true,,2.736894,57.825603,51.124214,,,,true,false,false,,,,,3.5335689,,71,68,49,164,138,147,154,163,168,173,191,1742,238,441,1525,0,0,0,,,,,,,,,70.6,false,false,false,4208,600,300,,,,,,,,2026-02-19T06:00:26Z,2026-08-23T13:48:06Z,,"fit","21914467038",95.945946,,
i126023890,2026-02-18T07:00:54,"Treadmill - Easy","VirtualRun",2672,6310.0,2740,,2.874,2.337,true,136,127,83.49383,463,true,,,,66.34478,33,,1,2.361527,55.80248,50.6453,,,,true,false,false,,,,,3.5335689,,31,33,49,164,138,147,154,163,168,173,191,2666,0,0,0,0,0,0,,,,,,,,,70.6,false,false,false,2699,600,300,,,,,,,,2026-02-18T06:00:54Z,2026-08-23T13:48:11Z,,"fit","21903724285",122.22222,,"Hamburg hotel"
i125758907,2026-02-17T06:14:00,"Treadmill - 10x3min ST","VirtualRun",3584,10290.0,3622,,3.751,2.841,true,160,139,88.96955,694,true,,,,77.234726,60,true,5,2.8710938,59.304142,51.07047,,,,true,false,false,,,,,3.5335689,,57,66,53,164,138,147,154,163,168,173,191,1649,349,801,732,0,0,0,,,,,,,,,70.6,false,false,false,3621,600,300,,,,,,,,2026-02-17T05:14:00Z,2026-08-23T13:48:16Z,,"fit","21892486710",95.2381,,
i125521575,2026-02-16T06:14:22,"Easy","Run",3589,9082.7,3735,102.0,2.976,2.522,true,135,125,87.03215,642,true,,,,70.87493,51,,2,2.530705,59.19728,50.85531,,,,,false,false,,,,,3.5335689,,38,51,53,164,138,147,154,163,168,173,191,3593,0,0,0,0,0,0,,,,,,,,,70.6,false,false,false,3655,600,300,,,,,,,,2026-02-16T05:14:22Z,2026-08-23T13:48:22Z,,"fit","21882154042",104.081635,,
i125291485,2026-02-15T06:50:30,"Long Easy","Run",8698,21174.4,8860,228.0,2.976,2.434,true,138,130,86.48362,1494,true,,,,67.45913,111,true,3,2.4343987,60.456097,50.85182,,,,,false,false,,,,,3.508772,,104,118,54,164,138,147,154,163,168,173,191,8708,0,0,0,0,0,0,,,,,,,,,70.6,false,false,false,8781,600,300,,,,,,,,2026-02-15T05:50:30Z,2026-08-23T13:48:26Z,,"fit","21872271019",94.067795,,
i125063920,2026-02-14T06:18:43,"Treadmill - 2x10min ST","VirtualRun",2790,7750.0,2798,,4.544,2.77,true,162,137,88.62773,532,true,,,,79.41509,49,true,4,2.7777777,52.69432,49.40254,,,,true,false,false,,,,,3.508772,,44,49,49,164,138,147,154,163,168,173,191,1526,147,463,649,0,0,0,,,,,,,,,70.6,false,false,false,2797,600,300,,,,,,,,2026-02-14T05:18:43Z,2026-08-23T13:48:36Z,,"fit","21861561683",106.521736,,"15m warmup\n2x10min @ 4:54 \n10m cooldown"
i124850207,2026-02-13T06:15:03,"Easy","Run",2697,6723.79,2919,80.0,3.527,2.489,true,132,121,86.42963,474,true,,,,71.117065,39,,2,2.4930627,53.26164,49.41224,,,,,false,false,,,,,3.508772,,27,39,46,164,138,147,154,163,168,173,191,2707,0,0,0,0,0,0,,,,,,,,,70.5,false,false,false,2776,600,300,,,,,,,,2026-02-13T05:15:03Z,2026-08-23T13:49:04Z,,"fit","21852140721",108.333336,,
i124609324,2026-02-12T05:57:25,"Treadmill - 10x3min ST","VirtualRun",2948,9200.0,3300,,3.956,2.788,true,162,140,91.39253,639,true,,,,84.2203,65,,5,3.1207597,55.45173,49.663124,,,,true,false,false,,,,,3.508772,,49,65,47,164,138,147,154,163,168,173,191,1257,213,405,952,0,0,0,,,,,,,,,70.5,false,false,false,3299,600,300,,,,,,,,2026-02-12T04:57:25Z,2026-08-23T13:49:09Z,,"fit","21842013014",106.55738,,
i124345881,2026-02-11T05:40:12,"Easy","Run",2396,5840.38,2449,70.0,3.798,2.433,true,133,122,87.29656,416,true,,,,69.663055,33,,2,2.4375541,53.985447,49.29358,,,,,false,false,,,,,3.508772,,24,33,48,164,138,147,154,163,168,173,191,2402,0,0,0,0,0,0,,,,,,,,,70.5,false,false,false,2448,600,300,,,,,,,,2026-02-11T04:40:12Z,2026-08-23T13:49:13Z,,"fit","21831458362",103.125,,
17346946626,2026-02-10T05:48:00,"Treadmill - 5x6min ST","Run",3600,10000.0,3704,0.0,4.28,2.778,true,162,138,91.24676,662,true,,,,77.36302,60,true,6,2.7777777,57.208076,49.686176,,,,true,false,false,,,,,3.508772,,58,81,48,165,139,148,155,164,169,174,191,1899,290,366,1058,0,0,0,,,,,,,,,70.5,false,false,false,3609,600,300,,,,,,,,2026-02-10T04:48:00Z,2026-08-23T13:49:17Z,"(GMT+01:00) Africa/Algiers",,"garmin_ping_533627250873",95.2381,,
17335728548,2026-02-09T05:50:49,"Easy","Run",2400,5878.8,2485,11.199999,5.433,2.45,true,132,124,88.13289,416,true,,,,68.52949,32,,,2.4494998,56.779335,49.437664,,,,false,false,false,,,,,3.508772,,25,32,51,165,139,148,155,164,169,174,191,2434,0,0,0,0,0,0,,,,,,,,,70.5,false,false,false,2453,600,300,,,,,,,,2026-02-09T04:50:49Z,2026-08-23T13:49:21Z,"(GMT+01:00) Europe/Copenhagen",,"garmin_ping_533231875668",103.22581,,
17326551049,2026-02-08T07:38:00,"LR w/ 3x9min ST","Run",8400,21532.7,8664,62.2,5.16,2.563,true,160,134,89.50822,1542,true,,,,72.21449,123,true,,2.5634165,60.584576,49.85783,,,,false,false,false,,,,,3.508772,,116,128,52,165,139,148,155,164,169,174,191,6804,92,485,1055,0,0,0,,,,,,,,,70.5,false,false,false,8491,600,300,,,,,,,,2026-02-08T06:38:00Z,2026-08-23T13:49:26Z,"(GMT+01:00) Europe/Copenhagen",,"garmin_ping_532938672397",95.34884,,"Wind made this miserable"
17313146743,2026-02-07T07:02:00,"Easy - Ice/Snow","Run",3603,8540.9,3710,22.0,4.66,2.37,true,143,134,88.58254,630,true,,,,67.541664,47,true,,2.370497,50.999752,48.09545,,,,false,false,false,,,,,3.508772,,47,46,54,165,139,148,155,164,169,174,191,3468,203,0,0,0,0,0,,,,,,,,,70.5,false,false,false,3709,600,300,,,,,,,,2026-02-07T06:02:00Z,2026-08-23T13:49:32Z,"(GMT+01:00) Europe/Copenhagen",,"garmin_ping_532498479249",95.918365,,"Painful one in the ice"
17302788225,2026-02-06T06:01:03,"Snowy Easy","Run",2795,6308.6,2853,14.400002,4.68,2.257,true,139,129,85.09389,459,true,,,,65.51126,34,true,,2.257102,51.613976,48.121845,,,,false,false,false,,,,,3.508772,,34,33,51,164,138,147,154,163,168,173,191,2829,1,0,0,0,0,0,,,,,,,,,70.5,false,false,false,2852,600,300,,,,,,,,2026-02-06T05:01:03Z,2026-08-23T13:49:37Z,"(GMT+01:00) Europe/Copenhagen",,"garmin_ping_532114887640",94.44444,,"30cm snow is not ideal conditions to run in"
17291746268,2026-02-05T05:37:59,"9x3min ST","Run",3927,10933.1,4007,73.200005,5.66,2.784,true,163,141,87.339615,799,true,,,,81.96822,74,,,2.7840846,54.318867,48.462116,,,,false,false,false,,,,,3.508772,,67,74,46,164,138,147,154,163,168,173,191,2079,369,466,1022,0,0,0,,,,,,,,,70.7,false,false,false,3965,600,300,,,,,,,,2026-02-05T04:37:59Z,2026-08-23T13:49:45Z,"(GMT+01:00) Europe/Copenhagen",,"garmin_ping_531740901246",102.77778,,"Adjusting for 25mph winds"
17268051179,2026-02-03T05:46:06,"4x6min ST","Run",3540,10077.5,3547,67.80001,7.55,2.847,true,162,140,88.36495,717,true,,,,83.696335,69,,,2.8467515,59.17388,48.999653,,,,false,false,false,,,,,3.508772,,59,69,48,164,138,147,154,163,168,173,191,2023,131,339,1032,0,0,0,,,,,,,,,70.7,false,false,false,3546,600,300,,,,,,,,2026-02-03T04:46:06Z,2026-08-23T13:49:50Z,"(GMT+01:00) Europe/Copenhagen",,"garmin_ping_530984598972",107.8125,,
17256837490,2026-02-02T06:07:12,"45min Recovery Easy","Run",2700,6540.0,2740,28.200003,5.66,2.422,true,131,122,84.96701,466,true,,,,70.67194,38,,,2.4222221,57.664932,48.51774,,,,false,false,false,,,,,3.4843206,,27,38,51,163,137,146,153,162,167,172,191,2709,0,0,0,0,0,0,,,,,,,,,70.7,false,false,false,2739,600,300,,,,,,,,2026-02-02T05:07:12Z,2026-08-23T13:49:55Z,"(GMT+01:00) Europe/Copenhagen",,"garmin_ping_530603218027",115.15151,,
17245780887,2026-02-01T06:24:31,"Long Run w/ 3 x 9min ST","Run",8400,22065.5,8571,121.80001,7.45,2.627,true,164,138,87.18183,1598,true,,,,77.413925,141,,,2.6268451,60.684776,48.771164,,,,false,false,false,,,,,3.4843206,,133,141,49,163,137,146,153,162,167,172,191,5880,919,118,1464,34,0,0,,,,,,,,,70.7,false,false,false,8470,600,300,33,163,,,,,,2026-02-01T05:24:31Z,2026-08-23T13:50:00Z,"(GMT+01:00) Europe/Copenhagen",,"garmin_ping_530256724566",112.8,,"Trying to escape the wind"
17224448644,2026-01-30T06:52:47,"Easy Run","Run",3662,9049.9,3832,53.000004,5.5,2.471,true,136,127,86.263,646,true,,,,72.06729,54,,,2.4713,55.776215,47.670494,,,,false,false,false,,,,,3.4843206,,44,54,49,163,137,146,153,162,167,172,191,3724,0,0,0,0,0,0,,,,,,,,,70.7,false,false,false,3743,600,300,,,,,,,,2026-01-30T05:52:47Z,2026-08-23T13:50:05Z,"(GMT+01:00) Europe/Copenhagen",,"garmin_ping_529548201511",120.0,,
17213452411,2026-01-29T07:35:15,"Recovery Jog","Run",422,942.3,424,0.0,2.62,2.233,true,148,141,85.60621,80,true,,,,,5,,,2.2329383,56.048977,47.517982,,,,false,false,false,,,,,3.4843206,,6,5,50,168,141,150,158,167,172,177,192,217,200,0,0,0,0,0,,,,,,,,,71.0,false,false,false,423,0,0,,,,,,,,2026-01-29T06:35:15Z,2026-08-23T13:50:12Z,"(GMT+01:00) Europe/Copenhagen",,"garmin_ping_529189806478",0.0,,"Cooldown"
17213414446,2026-01-29T07:10:57,"Morning Run","Run",1299,5001.5,1299,7.8,5.08,3.85,true,179,166,98.434616,336,true,,,,110.468956,44,,,3.8502696,56.048977,47.517982,,,,false,false,false,,,,,3.4843206,,35,44,50,168,141,150,158,167,172,177,192,28,9,86,633,450,82,11,,,,,,,,,71.0,false,false,false,1298,0,0,,,,,,,,2026-01-29T06:10:57Z,2026-08-23T13:50:18Z,"(GMT+01:00) Europe/Copenhagen",,"garmin_ping_529186972970",0.0,,
17213302597,2026-01-29T06:48:06,"Morning Run","Run",1145,2926.9,1146,4.8,4.82,2.556,true,153,128,88.82716,209,true,,,,73.10936,17,,,2.5562444,56.048977,47.517982,,,,false,false,false,,,,,3.4843206,,12,17,50,168,141,150,158,167,172,177,192,1135,7,3,0,0,0,0,,,,,,,,,71.0,false,false,false,1145,0,0,,,,,,,,2026-01-29T05:48:06Z,2026-08-23T13:50:25Z,"(GMT+01:00) Europe/Copenhagen",,"garmin_ping_529177971225",0.0,,
17201924433,2026-01-28T06:47:42,"Morning Run","Run",2400,5810.1,2415,18.2,2.88,2.421,true,134,126,88.88777,414,true,,,,72.24647,35,,,2.420875,54.520847,47.072655,,,,false,false,false,,,,,3.3898306,,24,35,50,168,141,150,158,167,172,177,192,2413,0,0,0,0,0,0,,,,,,,,,71.0,false,false,false,2414,600,300,,,,,,,,2026-01-28T05:47:42Z,2026-08-23T13:53:42Z,"(GMT+01:00) Europe/Copenhagen",,"garmin_ping_528809947735",0.0,,
17190394900,2026-01-27T07:09:18,"Morning Run","Run",2210,5660.0,2210,0.0,3.1,2.561,true,156,139,93.24307,426,true,,,,88.445145,48,true,,2.561086,57.518566,47.36355,,,,true,false,false,,,,,3.3898306,,32,32,50,168,141,150,158,167,172,177,192,990,704,517,0,0,0,0,,,,,,,,,71.0,false,false,false,2209,600,300,,,,,,,,2026-01-27T06:09:18Z,2026-08-23T13:53:40Z,"(GMT+01:00) Africa/Algiers",,"garmin_ping_528442413505",0.0,,
17190355725,2026-01-27T06:58:27,"Morning Run","Run",617,1267.7,617,0.0,2.2,2.055,true,133,118,87.476265,99,true,,,,59.215652,6,,,2.054619,57.518566,47.36355,,,,true,false,false,,,,,3.3898306,,5,6,50,168,141,150,158,167,172,177,192,618,0,0,0,0,0,0,,,,,,,,,71.0,false,false,false,616,0,0,,,,,,,,2026-01-27T05:58:27Z,2026-08-23T13:53:36Z,"(GMT+01:00) Africa/Algiers",,"garmin_ping_528440020352",0.0,,
17179347509,2026-01-26T06:52:30,"Morning Run","Run",2700,6494.9,2700,24.400002,3.04,2.406,true,129,120,86.79637,452,true,,,,72.12438,39,,,2.4055185,58.058895,47.20364,,,,false,false,false,,,,,3.3898306,,23,39,50,168,141,150,158,167,172,177,192,2698,0,0,0,0,0,0,,,,,,,,,71.0,false,false,false,2699,600,300,,,,,,,,2026-01-26T05:52:30Z,2026-08-23T13:53:33Z,"(GMT+01:00) Europe/Copenhagen",,"garmin_ping_528063053240",0.0,,
17168804034,2026-01-25T08:04:40,"Morning Run","Run",7943,19777.8,7991,58.6,7.58,2.49,true,152,129,86.53413,1390,true,,,,74.44412,123,,,2.4899662,60.985676,47.40131,,,,false,false,false,,,,,3.3898306,,86,123,52,168,141,150,158,167,172,177,192,6959,939,39,0,0,0,0,,,,,,,,,71.0,false,false,false,7990,600,300,,,,,,,,2026-01-25T07:04:40Z,2026-08-23T13:53:27Z,"(GMT+01:00) Europe/Copenhagen",,"garmin_ping_527729216525",,,
17146748273,2026-01-23T06:44:52,"Morning Run","Run",4432,10662.9,4750,125.20001,4.3,2.406,true,140,128,87.55168,752,true,,,,74.22534,70,,,2.405889,59.36528,46.677998,,,,false,false,false,,,,,3.3898306,,48,70,52,168,141,150,158,167,172,177,192,4532,0,0,0,0,0,0,,,,,,,,,71.0,false,false,false,4574,600,300,,,,,,,,2026-01-23T05:44:52Z,2026-08-23T13:53:24Z,"(GMT+01:00) Europe/Copenhagen",,"garmin_ping_526964132582",,,
17135468985,2026-01-22T06:46:25,"Morning Run","Run",3460,9865.6,3467,28.6,4.28,2.851,true,160,140,90.31574,713,true,,,,85.26798,70,,,2.8513293,57.73216,46.116047,,,,false,false,false,,,,,3.3898306,,51,70,52,168,141,150,158,167,172,177,193,1712,794,933,18,0,0,0,,,,,,,,,71.0,false,false,false,3466,600,300,,,,,,,,2026-01-22T05:46:25Z,2026-08-23T13:53:21Z,"(GMT+01:00) Europe/Copenhagen",,"garmin_ping_526586709042",,,
17123930529,2026-01-21T06:42:17,"Morning Run","Run",3600,8694.9,3600,12.200001,7.92,2.415,true,135,127,87.0972,606,true,,,,71.4242,51,,,2.41525,55.848248,45.540558,,,,false,false,false,,,,,3.3898306,,37,51,52,168,141,150,158,167,172,177,193,3593,0,0,0,0,0,0,,,,,,,,,71.0,false,false,false,3599,600,300,,,,,,,,2026-01-21T05:42:17Z,2026-08-23T13:53:18Z,"(GMT+01:00) Europe/Copenhagen",,"garmin_ping_526209634094",,,
17111849148,2026-01-20T06:50:27,"Morning Run","Run",3176,9007.0,3176,6.0,4.34,2.836,true,159,141,90.82873,653,true,,,,83.84463,62,,,2.8359573,56.59277,45.40901,,,,false,false,false,,,,,3.3898306,,49,62,52,168,141,150,158,167,172,177,193,1395,941,836,2,0,0,0,,,,,,,,,71.0,false,false,false,3175,600,300,,,,,,,,2026-01-20T05:50:27Z,2026-08-23T13:53:15Z,"(GMT+01:00) Europe/Copenhagen",,"garmin_ping_525829096028",,,
17100297539,2026-01-19T07:06:59,"Recovery run","Run",1801,4249.8,1801,7.999999,2.88,2.36,true,132,123,86.84547,294,true,,,,70.71068,25,,,2.359689,55.76241,45.009247,,,,false,false,false,,,,,3.3898306,,17,25,52,168,141,150,158,167,172,177,193,1801,0,0,0,0,0,0,,,,,,,,,71.0,false,false,false,1800,600,300,,,,,,,,2026-01-19T06:06:59Z,2026-08-23T13:53:12Z,"(GMT+01:00) Europe/Copenhagen",,"garmin_ping_525444970654",,,"30min very E"
17090169134,2026-01-18T09:07:31,"Morning Run","Run",7455,19734.2,8379,77.600006,4.92,2.647,true,150,137,86.4728,1402,true,,,,77.021225,127,,,2.6471093,60.48644,45.491375,,,,false,false,false,,,,,3.3898306,,105,127,52,168,141,150,158,167,172,177,193,5449,2223,0,0,0,0,0,,,,,,,,,71.0,false,false,false,7707,300,300,,,,,,,,2026-01-18T08:07:31Z,2026-08-23T13:53:08Z,"(GMT+01:00) Europe/Copenhagen",,"garmin_ping_525125378484",,,
17076848938,2026-01-17T07:01:11,"Morning Run","Run",3600,8726.5,3638,14.599999,4.46,2.424,true,137,127,86.150604,612,true,,,,71.0501,51,,,2.4240277,50.272285,43.527405,,,,false,false,false,,,,,3.3898306,,38,51,52,168,141,150,158,167,172,177,193,3613,0,0,0,0,0,0,,,,,,,,,71.5,false,false,false,3637,300,300,,,,,,,,2026-01-17T06:01:11Z,2026-08-23T13:53:05Z,"(GMT+01:00) Europe/Copenhagen",,"garmin_ping_524690128405",,,
17066238869,2026-01-16T06:31:53,"Morning Run","Run",2400,5873.9,2446,10.800001,5.04,2.447,true,143,124,86.7091,411,true,,,,71.77233,35,,,2.4474583,50.160534,43.34735,,,,false,false,false,,,,,3.3898306,,23,35,52,168,141,150,158,167,172,177,193,2427,7,0,0,0,0,0,,,,,,,,,71.5,false,false,false,2446,300,300,,,,,,,,2026-01-16T05:31:53Z,2026-08-23T13:53:02Z,"(GMT+01:00) Europe/Copenhagen",,"garmin_ping_524314510997",,,
17055167480,2026-01-15T07:02:42,"Morning Run","Run",3317,9442.5,3317,2.4,4.66,2.847,true,158,141,92.59192,672,true,,,,84.004135,65,,,2.8466988,52.488663,43.54848,,,,false,false,false,,,,,3.3898306,,49,65,52,168,141,150,158,167,172,177,193,1494,843,846,0,0,0,0,,,,,,,,,71.5,false,false,false,3316,300,300,,,,,,,,2026-01-15T06:02:42Z,2026-08-23T13:52:59Z,"(GMT+01:00) Europe/Copenhagen",,"garmin_ping_523957765989",,,
17043249303,2026-01-14T06:56:29,"Morning Run","Run",2400,5090.0,2400,0.0,2.68,2.121,true,129,123,87.54603,356,true,,,,75.51408,38,,,2.1208334,50.56736,43.0316,,,,true,false,false,,,,,3.3898306,,22,38,53,168,141,150,158,167,172,177,193,2401,0,0,0,0,0,0,,,,,,,,,71.5,false,false,false,2399,300,300,,,,,,,,2026-01-14T05:56:29Z,2026-08-23T13:52:54Z,"(GMT+01:00) Africa/Algiers",,"garmin_ping_523572368406",,,"40min very E on Treadmill again"
17030998068,2026-01-13T06:48:55,"Morning Run","Run",3004,7640.0,3034,0.0,3.48,2.543,true,166,145,94.67571,587,true,,,,85.784904,62,,,2.5432756,52.497265,43.15284,,,,true,false,false,,,,,3.3898306,,51,62,53,168,141,150,158,167,172,177,193,1205,262,763,805,0,0,0,,,,,,,,,71.5,false,false,false,3033,300,300,,,,,,,,2026-01-13T05:48:55Z,2026-08-23T13:52:41Z,"(GMT+01:00) Africa/Algiers",,"garmin_ping_523190069651",,,
17019400295,2026-01-12T06:51:54,"Morning Run","Run",1803,4319.4,1830,12.6,4.44,2.396,true,128,123,88.94072,299,true,,,,70.128685,25,,,2.3956738,51.037975,42.69871,,,,false,false,false,,,,,3.3898306,,17,25,53,168,141,150,158,167,172,177,193,1828,0,0,0,0,0,0,,,,,,,,,71.5,false,false,false,1830,300,300,,,,,,,,2026-01-12T05:51:54Z,2026-08-23T13:52:38Z,"(GMT+01:00) Europe/Copenhagen",,"garmin_ping_522790510438",,,
17009511750,2026-01-11T09:08:02,"Morning Run","Run",6945,18834.5,8279,96.600006,3.82,2.712,true,161,144,87.54528,1365,true,,,,78.26448,123,,,2.711951,55.036495,43.125168,,,,false,false,false,,,,,3.3898306,,116,123,53,168,141,150,158,167,172,177,193,1937,3948,1280,30,0,0,0,,,,,,,,,71.5,false,false,false,7229,300,300,,,,,,,,2026-01-11T08:08:02Z,2026-08-23T13:52:32Z,"(GMT+01:00) Europe/Copenhagen",,"garmin_ping_522469255953",,,
16996781303,2026-01-10T07:29:23,"Morning Run","Run",3600,8813.5,3711,25.400002,6.2,2.448,true,142,124,87.83101,610,true,,,,71.704056,53,,,2.4481945,44.599678,41.200565,,,,false,false,false,,,,,3.3898306,,36,53,51,168,141,150,158,167,172,177,193,3686,3,0,0,0,0,0,,,,,,,,,71.5,false,false,false,3711,300,300,,,,,,,,2026-01-10T06:29:23Z,2026-08-23T13:52:29Z,"(GMT+01:00) Europe/Copenhagen",,"garmin_ping_522047218160",,,
16986833009,2026-01-09T07:12:30,"Morning Run","Run",2700,6591.1,2765,16.8,5.8,2.441,true,140,124,88.46411,452,true,,,,71.27128,39,,,2.4411483,43.30968,40.916256,,,,false,false,false,,,,,3.3898306,,27,39,51,168,141,150,158,167,172,177,193,2746,0,0,0,0,0,0,,,,,,,,,71.5,false,false,false,2764,300,300,,,,,,,,2026-01-09T06:12:30Z,2026-08-23T13:52:26Z,"(GMT+01:00) Europe/Copenhagen",,"garmin_ping_521681995112",,,
16975987034,2026-01-08T07:05:27,"Morning Run","Run",3086,7373.8,3092,0.0,3.9,2.389,true,156,139,92.94846,571,true,,,,85.658806,63,,,2.389436,43.971497,40.96243,,,,true,false,false,,,,,3.3898306,,46,63,51,168,141,150,158,167,172,177,193,1364,1004,725,0,0,0,0,,,,,,,,,71.5,false,false,false,3091,300,300,,,,,,,,2026-01-08T06:05:27Z,2026-08-23T13:52:21Z,"(GMT+01:00) Africa/Algiers",,"garmin_ping_521311926970",,,
16964460326,2026-01-07T06:05:36,"Morning Run","Run",2662,6429.4,2732,39.400005,5.66,2.415,true,145,126,89.166664,446,true,,,,72.12438,39,,,2.4152517,41.049385,40.431427,,,,false,false,false,,,,,3.3898306,,27,39,51,168,141,150,158,167,172,177,193,2614,46,0,0,0,0,0,,,,,,,,,71.5,false,false,false,2699,300,300,,,,,,,,2026-01-07T05:05:36Z,2026-08-23T13:52:18Z,"(GMT+01:00) Europe/Copenhagen",,"garmin_ping_520914829417",,,
16952827678,2026-01-06T07:06:43,"Morning Run","Run",3100,7517.7,3129,0.0,3.58,2.425,true,160,141,89.90919,579,true,,,,80.981514,57,,,2.4250646,41.364098,40.465916,,,,true,false,false,,,,,3.3898306,,48,57,51,168,141,150,158,167,172,177,193,1438,636,992,65,0,0,0,,,,,,,,,71.5,false,false,false,3129,300,300,,,,,,,,2026-01-06T06:06:43Z,2026-08-23T13:52:14Z,"(GMT+01:00) Africa/Algiers",,"garmin_ping_520549924179",,,
16941546210,2026-01-05T06:05:52,"Morning Run","Run",1808,4307.0,1882,11.200001,6.14,2.382,true,156,125,88.25667,293,true,,,,69.17145,25,,,2.3821902,38.96297,40.067524,,,,false,false,false,,,,,3.3898306,,18,25,51,168,141,150,158,167,172,177,193,1727,64,57,0,0,0,0,,,,,,,,,71.5,false,false,false,1881,300,300,,,,,,,,2026-01-05T05:05:52Z,2026-08-23T13:52:11Z,"(GMT+01:00) Europe/Copenhagen",,"garmin_ping_520136717003",,,
16931842648,2026-01-04T09:06:32,"Morning Run","Run",6131,15974.4,7333,58.8,4.18,2.606,true,159,139,87.96173,1144,true,,,,75.05279,100,,,2.605513,41.107193,40.43058,,,,false,false,false,,,,,3.3898306,,91,100,51,168,141,150,158,167,172,177,193,3897,1943,502,14,0,0,0,,,,,,,,,70.5,false,false,false,6391,300,300,,,,,,,,2026-01-04T08:06:32Z,2026-08-23T13:52:08Z,"(GMT+01:00) Europe/Copenhagen",,"garmin_ping_519836196872",,,
16909840744,2026-01-02T08:06:15,"Morning Run","Run",3600,8831.2,3621,6.2,3.3,2.453,true,140,129,86.989685,608,true,,,,71.216736,51,,,2.4531112,36.98712,39.934837,,,,false,false,false,,,,,3.3898306,,40,51,51,168,141,150,158,167,172,177,193,3599,0,0,0,0,0,0,,,,,,,,,70.5,false,false,false,3620,300,300,,,,,,,,2026-01-02T08:06:15Z,2026-08-23T13:52:00Z,"(GMT+00:00) Europe/London",,"garmin_ping_519099110864",,,
16891268484,2025-12-31T07:55:27,"Morning Run","Run",2875,8002.8,2880,3.6000001,4.1,2.784,true,163,136,90.01074,563,true,,,,85.146935,58,,,2.7835824,40.184704,40.624035,,,,false,false,false,,,,,3.257329,,40,58,51,168,141,150,158,167,172,177,193,1738,715,336,80,0,0,0,,,,,,,,,70.5,false,false,false,2880,300,300,,,,,,,,2025-12-31T07:55:27Z,2026-01-09T08:41:58Z,"(GMT+00:00) Europe/London",,"garmin_ping_518396287576",,,
16881155020,2025-12-30T08:00:22,"Morning Run","Run",3300,8316.4,3313,6.200001,3.2,2.52,true,131,124,87.51398,565,true,,,,76.61309,54,,,2.5201213,37.4489,40.205357,,,,false,false,false,,,,,3.257329,,32,54,51,168,141,150,158,167,172,177,193,3299,0,0,0,0,0,0,,,,,,,,,70.5,false,false,false,3312,300,300,,,,,,,,2025-12-30T08:00:22Z,2026-01-09T08:41:58Z,"(GMT+00:00) Europe/London",,"garmin_ping_518035236391",,,
16871191912,2025-12-29T07:46:38,"Morning Run","Run",2941,8001.3,2965,8.8,3.82,2.721,true,160,140,88.59113,575,true,,,,82.47193,56,,,2.7206051,34.90723,39.87297,,,,false,false,false,,,,,3.2786884,,44,56,51,168,141,150,158,167,172,177,193,1474,525,909,39,0,0,0,,,,,,,,,70.5,false,false,false,2964,300,300,,,,,,,,2025-12-29T07:46:38Z,2026-01-09T08:41:57Z,"(GMT+00:00) Europe/London",,"garmin_ping_517667822873",,,
16851233546,2025-12-27T07:53:06,"Morning Run","Run",2783,7223.4,2817,18.2,3.2,2.596,true,150,136,89.116394,523,true,,,,79.132675,49,,,2.5955443,36.531235,40.435772,,,,false,false,false,,,,,3.257329,,37,49,51,168,141,150,158,167,172,177,193,2587,206,0,0,0,0,0,,,,,,,,,70.5,false,false,false,2817,300,300,,,,,,,,2025-12-27T07:53:06Z,2026-01-09T08:41:57Z,"(GMT+00:00) Europe/London",,"garmin_ping_516946303742",,,
16842476030,2025-12-26T09:22:45,"Morning Run","Run",2212,6002.2,2237,25.200005,3.87,2.713,true,145,132,91.13291,423,true,,,,83.20503,43,,,2.7134721,34.61647,40.229416,,,,false,false,false,,,,,3.257329,,27,43,51,168,141,150,158,167,172,177,193,2163,70,0,0,0,0,0,,,,,,,,,70.5,false,false,false,2236,300,300,,,,,,,,2025-12-26T09:22:45Z,2026-01-09T08:41:57Z,"(GMT+00:00) Europe/London",,"garmin_ping_516609956858",,,
16834899998,2025-12-25T08:50:22,"Morning Run","Run",2115,5579.5,2143,22.600004,3.4,2.638,true,145,135,91.2741,410,true,,,,81.97288,40,,,2.6380615,33.329056,40.16266,,,,false,false,false,,,,,3.257329,,27,40,51,168,141,150,158,167,172,177,193,1941,196,0,0,0,0,0,,,,,,,,,70.5,false,false,false,2143,300,300,,,,,,,,2025-12-25T08:50:22Z,2026-01-09T08:41:57Z,"(GMT+00:00) Europe/London",,"garmin_ping_516267888244",,,
16817448663,2025-12-23T07:50:39,"Morning Run","Run",1630,3812.5,1702,4.0,2.86,2.339,true,125,117,89.600365,259,true,,,,71.185104,23,,,2.338957,37.26549,41.1344,,,,false,false,false,,,,,3.257329,,13,23,51,168,141,150,158,167,172,177,193,1633,0,0,0,0,0,0,,,,,,,,,70.5,false,false,false,1634,300,300,,,,,,,,2025-12-23T07:50:39Z,2026-01-09T08:41:57Z,"(GMT+00:00) Europe/London",,"garmin_ping_515566645485",,,
16782188732,2025-12-19T06:26:27,"Morning Run","Run",3579,9813.0,3600,31.400002,4.5,2.742,true,159,142,91.26163,724,true,,,,84.2732,71,,,2.7418272,60.56771,44.649353,,,,false,false,false,,,,,3.257329,,55,71,51,168,141,150,158,167,172,177,193,1774,704,1080,15,0,0,0,,,,,,,,,70.5,false,false,false,3599,300,300,,,,,,,,2025-12-19T05:26:27Z,2026-01-09T08:41:57Z,"(GMT+01:00) Europe/Copenhagen",,"garmin_ping_514150028054",,,
16773565089,2025-12-18T06:03:27,"Morning Run","Run",3600,8712.1,3602,25.400002,4.54,2.42,true,153,127,86.727196,605,true,,,,74.822754,56,,,2.4200277,58.965675,44.014427,,,,false,false,false,,,,,3.257329,,37,56,51,168,141,150,158,167,172,177,193,3526,36,32,0,0,0,0,,,,,,,,,70.5,false,false,false,3601,300,300,,,,,,,,2025-12-18T05:03:27Z,2026-01-09T08:41:56Z,"(GMT+01:00) Europe/Copenhagen",,"garmin_ping_513802127158",,,
16764587509,2025-12-17T06:46:14,"Morning Run","Run",3570,10128.4,3623,11.800001,5.34,2.837,true,171,146,91.46972,756,true,,,,87.506744,76,,,2.837087,59.4211,43.72563,,,,false,false,false,,,,,3.257329,,61,76,51,168,141,150,158,167,172,177,193,1420,501,1173,406,53,0,0,,,,,,,,,70.5,false,false,false,3573,300,300,10,168,,,,,,2025-12-17T05:46:14Z,2026-01-09T08:41:56Z,"(GMT+01:00) Europe/Copenhagen",,"garmin_ping_513470535509",,,
16754892974,2025-12-16T06:04:04,"Morning Run","Run",3600,8710.6,3600,19.400002,3.95,2.42,true,134,124,87.188,601,true,,,,74.17229,55,,,2.419611,56.875164,42.94797,,,,false,false,false,,,,,3.257329,,35,55,51,168,141,150,158,167,172,177,193,3597,0,0,0,0,0,0,,,,,,,,,70.5,false,false,false,3599,300,300,,,,,,,,2025-12-16T05:04:04Z,2026-01-09T08:41:56Z,"(GMT+01:00) Europe/Copenhagen",,"garmin_ping_513106493007",,,
16745965108,2025-12-15T06:12:59,"Morning Run","Run",2256,6908.9,2377,17.599998,4.54,3.062,true,175,150,94.071304,489,true,,,,93.68386,56,,,3.0624557,57.163124,42.657574,,,,false,false,false,,,,,3.257329,,44,56,51,168,141,150,158,167,172,177,193,891,33,549,589,214,16,0,,,,,,,,,70.5,false,false,false,2297,300,300,,,,,,,,2025-12-15T05:12:59Z,2026-01-09T08:41:56Z,"(GMT+01:00) Europe/Copenhagen",,"garmin_ping_512751224396",,,
16745844550,2025-12-15T06:01:30,"Morning Run","Run",591,1506.2,591,7.2,4.96,2.549,true,140,129,89.57823,109,true,,,,,10,,,2.5485616,57.163124,42.657574,,,,false,false,false,,,,,3.257329,,7,10,51,168,141,150,158,167,172,177,193,590,0,0,0,0,0,0,,,,,,,,,70.5,false,false,false,590,0,0,,,,,,,,2025-12-15T05:01:30Z,2026-01-09T08:41:56Z,"(GMT+01:00) Europe/Copenhagen",,"garmin_ping_512737981954",,,
16737359216,2025-12-14T08:04:35,"Morning Run","Run",6000,15271.4,6019,80.200005,4.42,2.545,true,147,130,88.774475,1082,true,,,,79.63025,106,,,2.5452335,55.80609,42.09513,,,,false,false,false,,,,,3.257329,,63,106,51,168,141,150,158,167,172,177,193,5548,41,0,0,0,0,0,,,,,,,,,70.5,false,false,false,6018,300,300,,,,,,,,2025-12-14T07:04:35Z,2026-01-09T08:41:56Z,"(GMT+01:00) Europe/Copenhagen",,"garmin_ping_512448732345",,,
16719434403,2025-12-12T06:52:21,"Morning Run","Run",3600,8834.2,3600,5.0,3.28,2.454,true,129,121,87.256874,604,true,,,,75.508835,57,,,2.4539444,55.484245,41.53252,,,,false,false,false,,,,,3.257329,,32,57,51,168,141,150,158,167,172,177,193,3599,0,0,0,0,0,0,,,,,,,,,70.5,false,false,false,3599,300,300,,,,,,,,2025-12-12T05:52:21Z,2026-01-09T08:41:56Z,"(GMT+01:00) Europe/Copenhagen",,"garmin_ping_511740564082",,,
16710285835,2025-12-11T06:51:18,"Morning Run","Run",3551,9977.5,3600,10.200001,4.94,2.81,true,152,134,93.11382,676,true,,,,85.451904,73,,,2.8097718,55.25148,41.15983,,,,false,false,false,,,,,3.257329,,41,73,51,168,141,150,158,167,172,177,193,2261,962,20,0,0,0,0,,,,,,,,,70.5,false,false,false,3599,300,300,,,,,,,,2025-12-11T05:51:18Z,2026-01-09T08:41:55Z,"(GMT+01:00) Europe/Copenhagen",,"garmin_ping_511398116375",,,
16700734611,2025-12-10T06:58:54,"Morning Run","Run",3600,9580.0,3617,0.0,3.2,2.661,true,131,124,89.8083,311,true,,,,82.870804,69,,,2.661111,52.52593,40.39263,,,,true,false,false,,,,,3.257329,,35,69,51,168,141,150,158,167,172,177,193,3619,0,0,0,0,0,0,,,,,,,,,69.0,false,false,false,3617,300,300,,,,,,,,2025-12-10T05:58:54Z,2026-01-09T08:41:55Z,"(GMT+01:00) Africa/Algiers",,"garmin_ping_511052210165",,,
16690951502,2025-12-09T06:53:57,"Morning Run","Run",3603,9138.9,3603,5.0,3.48,2.536,true,142,132,92.01645,650,true,,,,78.08081,61,,,2.5364697,49.996086,39.70333,,,,false,false,false,,,,,3.257329,,43,61,51,168,141,150,158,167,172,177,193,3570,18,0,0,0,0,0,,,,,,,,,69.0,false,false,false,3602,300,300,,,,,,,,2025-12-09T05:53:57Z,2026-01-09T08:41:55Z,"(GMT+01:00) Europe/Copenhagen",,"garmin_ping_510700616906",,,
16681367932,2025-12-08T06:54:00,"Morning Run","Run",3000,7482.0,3087,14.6,3.04,2.494,true,140,127,90.458305,498,true,,,,76.20007,49,,,2.494,48.30627,39.19018,,,,false,false,false,,,,,3.257329,,32,49,51,168,141,150,158,167,172,177,193,3016,0,0,0,0,0,0,,,,,,,,,69.0,false,false,false,3038,300,300,,,,,,,,2025-12-08T05:54:00Z,2026-01-09T08:41:55Z,"(GMT+01:00) Europe/Copenhagen",,"garmin_ping_510341442140",,,
16672324399,2025-12-07T07:42:24,"Morning Run","Run",5913,15181.1,6073,36.4,4.04,2.567,true,147,130,87.098175,1024,true,,,,78.15881,102,,,2.5674107,48.199738,38.95381,,,,false,false,false,,,,,3.257329,,67,102,51,168,141,150,158,167,172,177,193,5923,66,0,0,0,0,0,,,,,,,,,69.0,false,false,false,6011,300,300,,,,,,,,2025-12-07T06:42:24Z,2026-01-09T08:41:55Z,"(GMT+01:00) Europe/Copenhagen",,"garmin_ping_510016448949",,,""
16654070590,2025-12-05T06:01:10,"Morning Run","Run",2283,6003.3,2296,22.800001,5.4,2.63,true,163,128,91.4479,397,true,,,,81.167946,42,,,2.6295662,46.070965,38.336697,,,,false,false,false,,,,,3.257329,,26,42,51,168,141,150,158,167,172,177,193,1988,43,186,73,0,0,0,,,,,,,,,69.0,false,false,false,2295,300,300,,,,,,,,2025-12-05T05:01:10Z,2026-01-09T08:41:55Z,"(GMT+01:00) Europe/Copenhagen",,"garmin_ping_509298179864",,,
16645435995,2025-12-04T06:37:50,"Morning Run","Run",3307,8779.8,3388,18.400002,4.96,2.655,true,158,127,91.17531,571,true,,,,80.52089,61,,,2.6549137,46.69612,38.24843,,,,false,false,false,,,,,3.257329,,34,61,51,168,141,150,158,167,172,177,193,3184,41,33,0,0,0,0,,,,,,,,,69.0,false,false,false,3387,300,300,,,,,,,,2025-12-04T05:37:50Z,2026-01-09T08:41:54Z,"(GMT+01:00) Europe/Copenhagen",,"garmin_ping_508987927700",,,
16639743732,2025-12-03T16:22:32,"Afternoon Run","Run",2627,6903.9,2829,14.000001,4.74,2.628,true,137,125,89.08935,437,true,,,,78.38234,47,,,2.6280549,44.499546,37.700222,,,,false,false,false,,,,,3.257329,,25,47,51,168,141,150,158,167,172,177,193,2568,0,0,0,0,0,0,,,,,,,,,69.0,false,false,false,2754,300,300,,,,,,,,2025-12-03T15:22:32Z,2026-01-09T08:41:54Z,"(GMT+01:00) Europe/Copenhagen",,"garmin_ping_508770162579",,,
16625302020,2025-12-02T06:29:45,"Morning Run","Run",3371,8676.8,3567,32.4,5.44,2.574,true,143,124,88.5847,557,true,,,,78.61462,60,,,2.5739543,44.115562,37.476143,,,,false,false,false,,,,,3.257329,,33,60,51,168,141,150,158,167,172,177,193,3417,21,0,0,0,0,0,,,,,,,,,69.0,false,false,false,3495,300,300,,,,,,,,2025-12-02T05:29:45Z,2026-01-09T08:41:54Z,"(GMT+01:00) Europe/Copenhagen",,"garmin_ping_508273847236",,,
16619793762,2025-12-01T16:33:33,"Afternoon Run","Run",1705,4211.3,1784,4.8,4.12,2.47,true,141,117,86.55777,272,true,,,,73.83418,27,,,2.4699705,41.67627,36.933426,,,,false,false,false,,,,,3.257329,,14,27,51,168,141,150,158,167,172,177,193,1759,0,0,0,0,0,0,,,,,,,,,69.0,false,false,false,1783,300,300,,,,,,,,2025-12-01T15:33:33Z,2026-01-09T08:41:54Z,"(GMT+01:00) Europe/Copenhagen",,"garmin_ping_508063905601",,,
16597302995,2025-11-29T07:20:53,"Morning Run","Run",5931,16144.3,6009,37.600002,4.3,2.722,true,161,136,91.12183,1107,true,,,,83.60796,116,,,2.72202,50.676147,38.068462,,,,false,false,false,,,,,3.257329,,79,116,51,168,141,150,158,167,172,177,193,5167,723,54,14,0,0,0,,,,,,,,,69.0,false,false,false,5974,300,300,,,,,,,,2025-11-29T06:20:53Z,2026-01-09T08:41:53Z,"(GMT+01:00) Europe/Copenhagen",,"garmin_ping_507230426728",,,
16588793613,2025-11-28T06:31:13,"Morning Run","Run",3335,8809.2,3377,45.200005,4.46,2.641,true,157,138,89.64129,610,true,,,,82.599174,64,,,2.6414394,40.64469,36.190685,,,,false,false,false,,,,,3.257329,,46,64,51,168,141,150,158,167,172,177,193,2156,1087,116,0,0,0,0,,,,,,,,,69.0,false,false,false,3377,300,300,,,,,,,,2025-11-28T05:31:13Z,2026-01-09T08:41:53Z,"(GMT+01:00) Europe/Copenhagen",,"garmin_ping_506875036467",,,
16558739397,2025-11-25T06:05:49,"Morning Run","Run",2086,6003.2,2110,14.6,5.6,2.878,true,158,145,92.09091,411,true,,,,87.664185,45,,,2.8778524,49.313713,37.25299,,,,false,false,false,,,,,3.257329,,35,45,51,168,141,150,158,167,172,177,193,807,447,830,0,0,0,0,,,,,,,,,69.0,false,false,false,2108,300,300,,,,,,,,2025-11-25T05:05:49Z,2026-01-09T08:41:53Z,"(GMT+01:00) Europe/Copenhagen",,"garmin_ping_505778428948",,,
16549439313,2025-11-24T05:33:34,"Morning Run","Run",3243,8504.7,3424,10.999998,4.98,2.622,true,153,124,91.52958,541,true,,,,79.9368,59,,,2.6224792,49.976147,37.066326,,,,false,false,false,,,,,3.257329,,32,59,51,168,141,150,158,167,172,177,193,3229,61,10,0,0,0,0,,,,,,,,,69.0,false,false,false,3324,300,300,,,,,,,,2025-11-24T04:33:34Z,2026-01-09T08:41:53Z,"(GMT+01:00) Europe/Copenhagen",,"garmin_ping_505415008193",,,
16521128055,2025-11-21T05:40:18,"Morning Run","Run",3755,10005.4,3869,9.200002,5.32,2.665,true,146,128,89.65557,653,true,,,,80.554504,69,,,2.664554,64.659836,38.319817,,,,false,false,false,,,,,3.257329,,41,69,51,168,141,150,158,167,172,177,193,3753,59,0,0,0,0,0,,,,,,,,,69.0,false,false,false,3828,300,300,,,,,,,,2025-11-21T04:40:18Z,2026-01-09T08:41:52Z,"(GMT+01:00) Europe/Copenhagen",,"garmin_ping_504356339599",,,
16511525968,2025-11-20T05:39:55,"Morning Run","Run",3250,8501.9,3406,19.400002,5.22,2.616,true,157,131,88.76681,571,true,,,,79.42472,59,,,2.6159694,63.993336,37.58057,,,,false,false,false,,,,,3.257329,,40,59,51,168,141,150,158,167,172,177,193,2938,243,164,0,0,0,0,,,,,,,,,69.0,false,false,false,3367,300,300,,,,,,,,2025-11-20T04:39:55Z,2026-01-09T08:41:52Z,"(GMT+01:00) Europe/Copenhagen",,"garmin_ping_503999579402",,,"1st snow"
16501697790,2025-11-19T05:40:47,"Morning Run","Run",3612,10003.7,3680,15.400001,7.46,2.77,true,160,136,91.489,667,true,,,,83.93684,72,,,2.7695737,64.76014,37.064465,,,,false,false,false,,,,,3.257329,,50,72,51,168,141,150,158,167,172,177,193,2349,971,290,48,0,0,0,,,,,,,,,69.0,false,false,false,3679,300,300,,,,,,,,2025-11-19T04:40:47Z,2026-01-09T08:41:52Z,"(GMT+01:00) Europe/Copenhagen",,"garmin_ping_503638711759",,,
16491772043,2025-11-18T05:41:09,"Morning Run","Run",3883,10001.3,3943,13.200001,5.56,2.576,true,149,128,88.295616,660,true,,,,78.22226,67,,,2.575663,63.64835,36.222683,,,,false,false,false,,,,,3.257329,,42,67,51,168,141,150,158,167,172,177,193,3896,47,0,0,0,0,0,,,,,,,,,69.0,false,false,false,3942,300,300,,,,,,,,2025-11-18T04:41:09Z,2026-01-09T08:41:52Z,"(GMT+01:00) Europe/Copenhagen",,"garmin_ping_503307969668",,,
16481630552,2025-11-17T05:42:38,"Morning Run","Run",3669,10010.8,3867,10.400002,5.38,2.728,true,142,128,89.48755,640,true,,,,82.857895,71,,,2.7284818,63.13365,35.4811,,,,false,false,false,,,,,3.257329,,40,71,51,168,141,150,158,167,172,177,193,3683,6,0,0,0,0,0,,,,,,,,,69.0,false,false,false,3723,300,300,,,,,,,,2025-11-17T04:42:38Z,2026-01-09T08:41:51Z,"(GMT+01:00) Europe/Copenhagen",,"garmin_ping_502907349106",,,
16472030755,2025-11-16T07:30:51,"Morning Run","Run",6445,17501.8,6695,34.2,4.48,2.716,true,154,136,89.52079,1197,true,,,,82.49732,125,,,2.7155626,61.925655,34.625263,,,,false,false,false,,,,,3.257329,,87,125,51,168,141,150,158,167,172,177,193,5167,1394,4,0,0,0,0,,,,,,,,,69.0,false,false,false,6612,300,300,,,,,,,,2025-11-16T06:30:51Z,2026-01-09T08:41:51Z,"(GMT+01:00) Europe/Copenhagen",,"garmin_ping_502590246543",,,""
16452370182,2025-11-14T05:36:59,"Morning Run","Run",3210,8544.1,3447,11.600001,4.94,2.662,true,146,129,88.41377,555,true,,,,80.348785,59,,,2.6617134,60.261826,33.229496,,,,false,false,false,,,,,3.257329,,37,59,51,168,141,150,158,167,172,177,193,3124,145,0,0,0,0,0,,,,,,,,,69.0,false,false,false,3290,300,300,,,,,,,,2025-11-14T04:36:59Z,2026-01-09T08:41:51Z,"(GMT+01:00) Europe/Copenhagen",,"garmin_ping_501818463166",,,
16442395949,2025-11-13T05:41:31,"Morning Run","Run",3789,10006.3,3890,17.6,5.88,2.641,true,156,133,89.25489,676,true,,,,81.17856,70,,,2.6408815,60.455597,32.60855,,,,false,false,false,,,,,3.257329,,46,70,51,168,141,150,158,167,172,177,193,3077,582,118,0,0,0,0,,,,,,,,,69.0,false,false,false,3824,300,300,,,,,,,,2025-11-13T04:41:31Z,2026-01-09T08:41:51Z,"(GMT+01:00) Europe/Copenhagen",,"garmin_ping_501465889967",,,
16431946947,2025-11-12T05:38:03,"Morning Run","Run",3403,8500.2,3541,14.6,3.74,2.498,true,139,125,86.322136,555,true,,,,75.79727,56,,,2.497855,58.98991,31.707594,,,,false,false,false,,,,,3.257329,,34,56,51,168,141,150,158,167,172,177,193,3481,0,0,0,0,0,0,,,,,,,,,69.0,false,false,false,3509,300,300,,,,,,,,2025-11-12T04:38:03Z,2026-01-09T08:41:51Z,"(GMT+01:00) Europe/Copenhagen",,"garmin_ping_501099362611",,,
16425885400,2025-11-11T16:37:12,"Afternoon Run","Run",1338,3357.6,1341,9.200001,3.32,2.509,true,141,124,85.07228,225,true,,,,76.87944,22,,,2.509417,59.449055,31.122263,,,,false,false,false,,,,,3.257329,,13,22,51,168,141,150,158,167,172,177,193,1330,0,0,0,0,0,0,,,,,,,,,69.0,false,false,false,1340,300,300,,,,,,,,2025-11-11T15:37:12Z,2026-01-09T08:41:50Z,"(GMT+01:00) Europe/Copenhagen",,"garmin_ping_500897186525",,,
16421207241,2025-11-11T06:39:59,"Morning Run","Run",3482,8634.6,3688,18.400002,4.14,2.48,true,137,123,85.950836,556,true,,,,74.4925,56,,,2.4797816,59.449055,31.122263,,,,false,false,false,,,,,3.257329,,33,56,51,168,141,150,158,167,172,177,193,3444,0,0,0,0,0,0,,,,,,,,,69.0,false,false,false,3633,300,300,,,,,,,,2025-11-11T05:39:59Z,2026-01-09T08:41:50Z,"(GMT+01:00) Europe/Copenhagen",,"garmin_ping_500765171916",,,"Running with a rucksack is tough work"
16410796535,2025-11-10T05:45:17,"Morning Run","Run",3242,8502.5,3430,7.800001,4.4,2.623,true,141,123,87.76428,535,true,,,,79.35202,58,,,2.6226096,56.600277,29.992733,,,,false,false,false,,,,,3.257329,,30,58,51,168,141,150,158,167,172,177,193,3203,0,0,0,0,0,0,,,,,,,,,69.0,false,false,false,3316,300,300,,,,,,,,2025-11-10T04:45:17Z,2026-01-09T08:41:50Z,"(GMT+01:00) Europe/Copenhagen",,"garmin_ping_500360695975",,,
16401855349,2025-11-09T09:22:45,"Morning Run","Run",5607,14999.8,5964,26.0,5.52,2.675,true,145,135,87.47876,1023,true,,,,80.55601,105,,,2.6751916,56.385326,29.317892,,,,false,false,false,,,,,3.257329,,75,105,51,168,141,150,158,167,172,177,193,5550,220,0,0,0,0,0,,,,,,,,,69.0,false,false,false,5825,300,300,,,,,,,,2025-11-09T08:22:45Z,2026-01-09T08:41:50Z,"(GMT+01:00) Europe/Copenhagen",,"garmin_ping_500065633814",,,""
16380583254,2025-11-07T05:34:24,"Morning Run","Run",3514,10003.1,3600,22.0,8.22,2.847,true,148,137,89.494865,660,true,,,,87.13668,75,,,2.8466418,56.432186,28.156796,,,,false,false,false,,,,,3.257329,,48,75,51,168,141,150,158,167,172,177,193,2140,1390,0,0,0,0,0,,,,,,,,,69.0,false,false,false,3556,300,300,,,,,,,,2025-11-07T04:34:24Z,2026-01-09T08:41:49Z,"(GMT+01:00) Europe/Copenhagen",,"garmin_ping_499280074061",,,
16370527066,2025-11-06T05:53:51,"Morning Run","Run",3409,8355.2,3721,13.200001,4.78,2.451,true,140,131,86.25662,561,true,,,,73.91714,54,,,2.4509242,53.58082,27.028097,,,,false,false,false,,,,,3.257329,,41,54,51,168,141,150,158,167,172,177,193,3522,0,0,0,0,0,0,,,,,,,,,69.0,false,false,false,3558,300,300,,,,,,,,2025-11-06T04:53:51Z,2026-01-09T08:41:49Z,"(GMT+01:00) Europe/Copenhagen",,"garmin_ping_498935049093",,,
16359720554,2025-11-05T05:47:23,"Morning Run","Run",3595,9004.2,3704,27.000002,8.64,2.505,true,154,131,88.07634,606,true,,,,77.10706,60,,,2.5046453,53.516445,26.378202,,,,false,false,false,,,,,3.257329,,42,60,51,168,141,150,158,167,172,177,193,3322,153,125,0,0,0,0,,,,,,,,,69.0,false,false,false,3633,300,300,,,,,,,,2025-11-05T04:47:23Z,2026-01-09T08:41:49Z,"(GMT+01:00) Europe/Copenhagen",,"garmin_ping_498558140186",,,""
16348484014,2025-11-04T05:54:38,"Morning Run","Run",2916,7510.4,3422,12.400002,4.48,2.576,true,157,136,88.212746,510,true,,,,77.91937,51,,,2.575583,52.520798,25.568077,,,,false,false,false,,,,,3.257329,,40,51,51,168,141,150,158,167,172,177,193,2455,291,253,0,0,0,0,,,,,,,,,69.0,false,false,false,3024,300,300,,,,,,,,2025-11-04T04:54:38Z,2026-01-09T08:41:49Z,"(GMT+01:00) Europe/Copenhagen",,"garmin_ping_498187325509",,,""
16343254865,2025-11-03T17:35:06,"Afternoon Run","Run",2326,6004.8,2378,25.8,6.02,2.582,true,144,133,89.29814,410,true,,,,78.78386,41,,,2.5815992,52.75434,24.95529,,,,false,false,false,,,,,3.257329,,28,41,51,168,141,150,158,167,172,177,193,2250,28,0,0,0,0,0,,,,,,,,,69.0,false,false,false,2378,300,300,,,,,,,,2025-11-03T16:35:06Z,2026-01-09T08:41:48Z,"(GMT+01:00) Europe/Copenhagen",,"garmin_ping_498000226066",,,""
16327832807,2025-11-02T06:26:56,"Morning Run","Run",4559,12153.0,4826,50.6,5.3,2.666,true,193,138,88.90228,840,true,,,,81.340126,85,,,2.6657162,54.5594,24.56869,,,,false,false,false,,,,,3.257329,,67,85,51,168,141,150,158,167,172,177,193,3529,391,141,457,7,8,75,,,,,,,,,69.0,false,false,false,4625,300,300,,,,,,,,2025-11-02T05:26:56Z,2026-01-09T08:41:48Z,"(GMT+01:00) Europe/Copenhagen",,"garmin_ping_497440984787",,,""
16309055801,2025-10-31T06:58:20,"Morning Run","Run",4113,10502.0,4369,27.2,4.64,2.553,true,132,121,87.48039,695,true,,,,77.395195,70,,,2.5533674,57.545345,23.669487,,,,false,false,false,,,,,3.257329,,37,70,49,168,141,150,158,167,172,177,193,4178,0,0,0,0,0,0,,,,,,,,,69.0,false,false,false,4207,300,300,,,,,,,,2025-10-31T05:58:20Z,2026-01-09T08:41:48Z,"(GMT+01:00) Europe/Copenhagen",,"garmin_ping_496745673349",,,""
16299211136,2025-10-30T06:41:17,"Morning Run","Run",3829,9507.6,3984,19.0,5.36,2.483,true,139,125,86.17553,648,true,,,,75.78717,62,,,2.4830503,55.632748,22.553143,,,,false,false,false,,,,,3.257329,,38,62,49,168,141,150,158,167,172,177,193,3858,0,0,0,0,0,0,,,,,,,,,69.0,false,false,false,3886,300,300,,,,,,,,2025-10-30T05:41:17Z,2026-01-09T08:41:48Z,"(GMT+01:00) Europe/Copenhagen",,"garmin_ping_496386949642",,,""
16289201598,2025-10-29T07:03:25,"Morning Run","Run",3606,9499.5,3822,13.2,3.76,2.634,true,146,132,86.14511,647,true,,,,79.44027,66,,,2.6343594,54.65496,21.602661,,,,false,false,false,,,,,3.257329,,45,66,49,168,141,150,158,167,172,177,193,3616,127,0,0,0,0,0,,,,,,,,,69.0,false,false,false,3765,300,300,,,,,,,,2025-10-29T06:03:25Z,2026-01-09T08:41:48Z,"(GMT+01:00) Europe/Copenhagen",,"garmin_ping_496042574780",,,""
16278416107,2025-10-28T06:23:12,"Morning Run","Run",3083,8000.0,3107,87.0,4.42,2.595,true,151,134,85.984726,548,,,,,82.03031,58,,,2.594875,52.91276,20.532896,,,,false,false,false,,,,,3.257329,,40,58,49,168,141,150,158,167,172,177,193,2479,591,15,0,0,0,0,,,,,,,,,69.0,false,false,false,3103,300,300,,,,,,,,2025-10-28T06:23:12Z,2026-01-09T08:41:47Z,"(GMT+00:00) Europe/London",,"garmin_ping_495684486583",,,
16268879168,2025-10-27T06:56:59,"Morning Run","Run",2840,7502.5,2878,125.200005,5.56,2.642,true,155,130,86.042274,498,,,,,86.64768,60,,,2.6417253,52.13154,19.630117,,,,false,false,false,,,,,3.257329,,32,60,51,168,141,150,158,167,172,177,193,2448,296,86,0,0,0,0,,,,,,,,,69.0,false,false,false,2877,300,300,,,,,,,,2025-10-27T06:56:59Z,2026-01-09T08:41:47Z,"(GMT+00:00) Europe/London",,"garmin_ping_495335740627",,,
16252332088,2025-10-25T08:36:38,"Morning Run","Run",2675,7000.4,2868,46.0,5.22,2.617,true,149,133,86.19964,478,,,,,81.49887,50,,,2.616972,58.74324,19.10695,,,,false,false,false,,,,,3.257329,,34,50,51,168,141,150,158,167,172,177,193,2183,526,0,0,0,0,0,,,,,,,,,69.0,false,false,false,2710,300,300,,,,,,,,2025-10-25T07:36:38Z,2026-01-09T08:41:47Z,"(GMT+00:00) Europe/London",,"garmin_ping_494720823467",,,
16239055845,2025-10-24T07:03:50,"Morning Run","Run",5210,14000.6,5250,253.40001,3.82,2.687,true,169,145,90.000824,986,,,,,93.319725,127,,,2.6872551,60.085896,18.362576,,,,false,false,false,,,,,3.257329,,89,127,51,168,141,150,158,167,172,177,193,2191,1641,913,461,39,0,0,,,,,,,,,69.0,false,false,false,5250,300,300,11,168,,,,,,2025-10-24T06:03:50Z,2026-01-09T08:41:47Z,"(GMT+00:00) Europe/London",,"garmin_ping_494273042624",,,""
16229357472,2025-10-23T07:25:12,"Morning Run","Run",2533,7234.3,2563,115.00003,4.483,2.856,true,176,152,89.48675,519,,,,,97.74986,68,,,2.8560205,49.81023,15.744931,,,,false,false,false,,,,,3.257329,,53,68,51,168,141,150,158,167,172,177,193,348,779,579,465,318,62,0,,,,,,,,,69.0,false,false,false,2562,300,300,17,173,,,,,,2025-10-23T06:25:12Z,2026-01-09T08:41:47Z,"(GMT+00:00) Europe/London",,"garmin_ping_493915968391",,,"Lovely day for it"
16218896536,2025-10-22T07:21:48,"Morning Run","Run",2522,6766.2,2551,55.6,5.075,2.683,true,167,138,88.41579,468,,,,,84.81956,51,,,2.6828709,47.01692,14.485833,,,,false,false,false,,,,,3.257329,,36,51,51,168,141,150,158,167,172,177,193,1848,317,249,131,0,0,0,,,,,,,,,69.0,false,false,false,2552,300,300,,,,,,,,2025-10-22T06:21:48Z,2026-01-09T08:41:46Z,"(GMT+00:00) Europe/London",,"garmin_ping_493558017552",,,
16208153865,2025-10-21T07:19:59,"Morning Run","Run",3731,10499.5,3739,41.4,4.389,2.814,true,162,143,89.11896,725,,,,,87.21417,79,,,2.8141248,46.40526,13.606016,,,,false,false,false,,,,,3.257329,,60,79,51,168,141,150,158,167,172,177,193,1865,782,754,327,0,0,0,,,,,,,,,69.0,false,false,false,3739,300,300,,,,,,,,2025-10-21T06:19:59Z,2026-01-09T08:41:46Z,"(GMT+00:00) Europe/London",,"garmin_ping_493205198866",,,""
16197991430,2025-10-20T07:22:51,"Morning Run","Run",3601,9435.3,3601,64.200005,3.3,2.62,true,151,133,86.269775,637,,,,,81.8649,67,,,2.6201887,41.399845,12.030333,,,,false,false,false,,,,,3.257329,,45,67,51,168,141,150,158,167,172,177,193,3429,142,8,0,0,0,0,,,,,,,,,69.0,false,false,false,3599,300,300,,,,,,,,2025-10-20T06:22:51Z,2026-01-09T08:41:46Z,"(GMT+00:00) Europe/London",,"garmin_ping_492846247743",,,
16176573068,2025-10-18T07:14:34,"Morning Run","Run",4485,11999.1,4485,24.2,3.733,2.675,true,159,139,86.504074,815,,,,,81.65877,83,,,2.6753845,43.222412,10.963785,,,,false,false,false,,,,,3.257329,,65,83,51,168,141,150,158,167,172,177,193,2949,1488,40,8,0,0,0,,,,,,,,,69.0,false,false,false,4481,300,300,,,,,,,,2025-10-18T06:14:34Z,2026-01-09T08:41:46Z,"(GMT+00:00) Europe/London",,"garmin_ping_492140369972",,,
16167539388,2025-10-17T07:32:48,"Morning Run","Run",1942,5192.4,2027,96.6,4.371,2.674,true,160,132,88.15904,359,,,,,92.88838,47,,,2.6737385,37.113968,9.228056,,,,false,false,false,,,,,3.257329,,26,47,51,168,141,150,158,167,172,177,193,1602,190,138,13,0,0,0,,,,,,,,,69.0,false,false,false,1961,300,300,,,,,,,,2025-10-17T06:32:48Z,2026-01-09T08:41:46Z,"(GMT+00:00) Europe/London",,"garmin_ping_491812966119",,,
16156735076,2025-10-16T07:21:38,"Morning Run","Run",3260,9106.6,3260,60.2,4.357,2.793,true,160,142,86.9798,625,,,,,86.055725,67,,,2.7934356,35.59582,8.317932,,,,false,false,false,,,,,3.257329,,52,67,51,168,141,150,158,167,172,177,193,1456,739,1042,20,0,0,0,,,,,,,,,69.0,false,false,false,3257,300,300,,,,,,,,2025-10-16T06:21:38Z,2026-01-09T08:41:45Z,"(GMT+00:00) Europe/London",,"garmin_ping_491447219569",,,
16145826179,2025-10-15T07:11:44,"Morning Run","Run",3600,9256.7,3661,91.600006,3.608,2.571,true,156,134,85.53324,625,,,,,80.32193,65,,,2.5713055,30.77324,6.9039736,,,,false,false,false,,,,,3.257329,,47,65,51,168,141,150,158,167,172,177,193,3313,214,98,0,0,0,0,,,,,,,,,69.0,false,false,false,3627,300,300,,,,,,,,2025-10-15T06:11:44Z,2026-01-09T08:41:45Z,"(GMT+00:00) Europe/London",,"garmin_ping_491090713497",,,
16134675583,2025-10-14T07:32:52,"Morning Run","Run",3674,10416.1,3733,62.4,4.533,2.835,true,170,139,88.64005,699,,,,,88.91976,81,,,2.8350842,25.517206,5.504136,,,,false,false,false,,,,,3.257329,,54,81,51,168,141,150,158,167,172,177,193,1754,1241,550,100,11,0,0,,,,,,,,,69.0,false,false,false,3688,300,300,14,170,,,,,,2025-10-14T06:32:52Z,2026-01-09T08:41:45Z,"(GMT+00:00) Europe/London",,"garmin_ping_490736757444",,,
16124151221,2025-10-13T07:13:32,"Morning Run","Run",3602,9300.7,3602,121.6,3.95,2.582,true,145,130,86.039116,619,,,,,83.689255,70,,,2.5820932,16.99699,3.6850455,,,,false,false,false,,,,,3.257329,,41,70,51,168,141,150,158,167,172,177,193,3525,68,0,0,0,0,0,,,,,,,,,69.0,false,false,false,3598,300,300,,,,,,,,2025-10-13T06:13:32Z,2026-01-09T08:41:45Z,"(GMT+00:00) Europe/London",,"garmin_ping_490370634666",,,
16092704273,2025-10-10T07:02:15,"Morning Run","Run",3090,7891.7,3101,40.8,3.022,2.554,true,145,131,85.23156,539,,,,,78.478096,53,,,2.5539484,11.786896,2.1889646,,,,false,false,false,,,,,3.257329,,37,53,51,168,141,150,158,167,172,177,193,3041,51,0,0,0,0,0,,,,,,,,,69.0,false,false,false,3098,300,300,,,,,,,,2025-10-10T06:02:15Z,2026-01-09T08:41:44Z,"(GMT+00:00) Europe/London",,"garmin_ping_489308665496",,,
16082364451,2025-10-09T07:14:35,"Morning Run","Run",2460,5999.3,2482,54.000004,2.917,2.439,true,149,125,84.900406,405,,,,,77.100075,41,,,2.4387398,5.458006,0.9646608,,,,false,false,false,,,,,3.257329,,25,41,51,168,141,150,158,167,172,177,193,2434,46,0,0,0,0,0,,,,,,,,,69.0,false,false,false,2483,300,300,,,,,,,,2025-10-09T06:14:35Z,2026-01-09T08:41:44Z,"(GMT+00:00) Europe/London",,"garmin_ping_488953768407",,,
16028491270,2025-10-04T09:31:03,"Victoria Park Half Marathon","Run",6871,21202.9,6871,429.2,4.713,3.086,true,193,162,92.12519,1469,,,,,104.659256,209,,,3.0858536,,,,,,false,false,false,,,,,3.257329,,169,209,51,168,141,150,158,167,172,177,193,53,250,1174,4246,795,185,167,,,,,,,,,69.0,false,false,false,6869,300,300,20,168,,,,,,2025-10-04T08:31:03Z,2026-01-09T08:41:44Z,"(GMT+00:00) Europe/London",,"garmin_ping_487207416972",,,""
